
-- Pravnik
insert into pravnik (id_pravnik, krestni_jmeno, prijmeni) values (1, 'Jakub', 'Mikeš');
insert into pravnik (id_pravnik, krestni_jmeno, prijmeni) values (2, 'Josef', 'Omáčka');
insert into pravnik (id_pravnik, krestni_jmeno, prijmeni) values (3, 'Antonín', 'Svoboda');
select setval(pg_get_serial_sequence('pravnik','id_pravnik'), 3);

-- Majitel
insert into majitel (id_majitel, krestni_jmeno, prijmeni, datum_narozeni, email, telefonni_cislo) values (1, 'Berkley', 'Eastridge', '3/12/1964', 'beastridge0@house.gov', '+7 931 914 0871');
insert into majitel (id_majitel, krestni_jmeno, prijmeni, datum_narozeni, email, telefonni_cislo) values (2, 'Alverta', 'Minchi', '12/13/1988', 'aminchi1@mlb.com', '+86 445 500 1740');
insert into majitel (id_majitel, krestni_jmeno, prijmeni, datum_narozeni, email, telefonni_cislo) values (3, 'Shurlock', 'Nathan', '5/30/1993', 'snathan2@nyu.edu', '+48 272 430 5908');
insert into majitel (id_majitel, krestni_jmeno, prijmeni, datum_narozeni, email, telefonni_cislo) values (4, 'Vince', 'Stears', '10/1/1967', 'vstears3@mail.ru', '+55 134 558 9967');
insert into majitel (id_majitel, krestni_jmeno, prijmeni, datum_narozeni, email, telefonni_cislo) values (5, 'Lorelei', 'Greydon', '7/20/1980', 'lgreydon4@spiegel.de', '+48 315 631 9638');
insert into majitel (id_majitel, krestni_jmeno, prijmeni, datum_narozeni, email, telefonni_cislo) values (6, 'Anders', 'Fayer', '7/11/1958', 'afayer5@usgs.gov', '+62 508 924 1183');
insert into majitel (id_majitel, krestni_jmeno, prijmeni, datum_narozeni, email, telefonni_cislo) values (7, 'Reamonn', 'Odams', '7/15/2003', 'rodams6@yelp.com', '+62 612 160 4797');
insert into majitel (id_majitel, krestni_jmeno, prijmeni, datum_narozeni, email, telefonni_cislo) values (8, 'Samuele', 'Gligorijevic', '2/2/1961', 'sgligorijevic7@guardian.co.uk', '+86 571 684 8736');
insert into majitel (id_majitel, krestni_jmeno, prijmeni, datum_narozeni, email, telefonni_cislo) values (9, 'Germana', 'Normaville', '10/10/1941', 'gnormaville8@oracle.com', '+244 373 891 5671');
insert into majitel (id_majitel, krestni_jmeno, prijmeni, datum_narozeni, email, telefonni_cislo) values (10, 'Ward', 'Greenaway', '1/15/1952', 'wgreenaway9@lycos.com', '+60 308 656 3407');
insert into majitel (id_majitel, krestni_jmeno, prijmeni, datum_narozeni, email, telefonni_cislo) values (11, 'Wileen', 'Tinson', '1/21/1961', 'wtinsona@scientificamerican.com', '+55 517 845 6687');
insert into majitel (id_majitel, krestni_jmeno, prijmeni, datum_narozeni, email, telefonni_cislo) values (12, 'Chic', 'Lidden', '2/19/1958', 'cliddenb@webnode.com', '+850 691 870 6448');
insert into majitel (id_majitel, krestni_jmeno, prijmeni, datum_narozeni, email, telefonni_cislo) values (13, 'Wylma', 'Corssen', '9/7/1963', 'wcorssenc@hatena.ne.jp', '+86 316 468 9812');
insert into majitel (id_majitel, krestni_jmeno, prijmeni, datum_narozeni, email, telefonni_cislo) values (14, 'Ario', 'Van Haeften', '12/14/2007', 'avanhaeftend@jalbum.net', '+63 411 615 8208');
insert into majitel (id_majitel, krestni_jmeno, prijmeni, datum_narozeni, email, telefonni_cislo) values (15, 'Chane', 'Episcopio', '12/10/1999', 'cepiscopioe@marketwatch.com', '+92 412 155 4550');
insert into majitel (id_majitel, krestni_jmeno, prijmeni, datum_narozeni, email, telefonni_cislo) values (16, 'Carlie', 'Klaves', '12/12/1987', 'cklavesf@edublogs.org', '+81 117 280 0222');
insert into majitel (id_majitel, krestni_jmeno, prijmeni, datum_narozeni, email, telefonni_cislo) values (17, 'Anthea', 'Wolfinger', '11/22/1994', 'awolfingerg@paypal.com', '+45 854 345 7635');
insert into majitel (id_majitel, krestni_jmeno, prijmeni, datum_narozeni, email, telefonni_cislo) values (18, 'Kevin', 'Standering', '5/14/1964', 'kstanderingh@a8.net', '+212 739 965 7302');
insert into majitel (id_majitel, krestni_jmeno, prijmeni, datum_narozeni, email, telefonni_cislo) values (19, 'Dominick', 'Ruddom', '5/11/1948', 'druddomi@boston.com', '+51 801 797 3628');
insert into majitel (id_majitel, krestni_jmeno, prijmeni, datum_narozeni, email, telefonni_cislo) values (20, 'Traci', 'Scurfield', '5/14/1997', 'tscurfieldj@walmart.com', '+63 244 596 9699');
insert into majitel (id_majitel, krestni_jmeno, prijmeni, datum_narozeni, email, telefonni_cislo) values (21, 'Lynne', 'O'' Mullane', '4/23/2007', 'lomullanek@economist.com', '+967 765 990 1075');
insert into majitel (id_majitel, krestni_jmeno, prijmeni, datum_narozeni, email, telefonni_cislo) values (22, 'Octavius', 'Beeres', '1/9/1953', 'obeeresl@sciencedirect.com', '+86 133 701 1142');
insert into majitel (id_majitel, krestni_jmeno, prijmeni, datum_narozeni, email, telefonni_cislo) values (23, 'Windham', 'Zmitrovich', '2/22/1942', 'wzmitrovichm@skyrock.com', '+48 398 198 9592');
insert into majitel (id_majitel, krestni_jmeno, prijmeni, datum_narozeni, email, telefonni_cislo) values (24, 'Kerri', 'Radbourne', '1/27/1952', 'kradbournen@wikimedia.org', '+975 436 306 6466');
insert into majitel (id_majitel, krestni_jmeno, prijmeni, datum_narozeni, email, telefonni_cislo) values (25, 'Sigismundo', 'Buxey', '7/11/1948', 'sbuxeyo@illinois.edu', '+62 226 932 6485');
insert into majitel (id_majitel, krestni_jmeno, prijmeni, datum_narozeni, email, telefonni_cislo) values (26, 'Joscelin', 'Davydzenko', '3/30/2004', 'jdavydzenkop@harvard.edu', '+62 976 168 4574');
insert into majitel (id_majitel, krestni_jmeno, prijmeni, datum_narozeni, email, telefonni_cislo) values (27, 'Janaye', 'Smeeton', '12/24/1953', 'jsmeetonq@ca.gov', '+375 789 661 0978');
insert into majitel (id_majitel, krestni_jmeno, prijmeni, datum_narozeni, email, telefonni_cislo) values (28, 'Cole', 'Dominiak', '3/20/1940', 'cdominiakr@state.gov', '+262 671 272 4966');
insert into majitel (id_majitel, krestni_jmeno, prijmeni, datum_narozeni, email, telefonni_cislo) values (29, 'Susette', 'Bloxholm', '6/18/2001', 'sbloxholms@tripod.com', '+60 359 899 8924');
insert into majitel (id_majitel, krestni_jmeno, prijmeni, datum_narozeni, email, telefonni_cislo) values (30, 'Julianne', 'Toxell', '6/26/1962', 'jtoxellt@msu.edu', '+420 173 761 9971');
insert into majitel (id_majitel, krestni_jmeno, prijmeni, datum_narozeni, email, telefonni_cislo) values (31, 'Munmro', 'McKeefry', '6/27/1959', 'mmckeefryu@cbc.ca', '+63 553 357 6346');
insert into majitel (id_majitel, krestni_jmeno, prijmeni, datum_narozeni, email, telefonni_cislo) values (32, 'Gerty', 'Agott', '4/21/2004', 'gagottv@stanford.edu', '+351 450 423 4268');
insert into majitel (id_majitel, krestni_jmeno, prijmeni, datum_narozeni, email, telefonni_cislo) values (33, 'Jaclin', 'Forrestill', '3/30/1935', 'jforrestillw@tinypic.com', '+55 603 908 4050');
insert into majitel (id_majitel, krestni_jmeno, prijmeni, datum_narozeni, email, telefonni_cislo) values (34, 'Morgan', 'Flaherty', '9/15/1965', 'mflahertyx@constantcontact.com', '+420 427 313 3767');
insert into majitel (id_majitel, krestni_jmeno, prijmeni, datum_narozeni, email, telefonni_cislo) values (35, 'Kakalina', 'Tuck', '9/21/1962', 'ktucky@alexa.com', '+48 542 226 0290');
insert into majitel (id_majitel, krestni_jmeno, prijmeni, datum_narozeni, email, telefonni_cislo) values (36, 'Shelley', 'Guidera', '4/16/1994', 'sguideraz@xing.com', '+7 330 666 3692');
insert into majitel (id_majitel, krestni_jmeno, prijmeni, datum_narozeni, email, telefonni_cislo) values (37, 'Amie', 'Hurdwell', '11/2/1971', 'ahurdwell10@typepad.com', '+27 863 425 6312');
insert into majitel (id_majitel, krestni_jmeno, prijmeni, datum_narozeni, email, telefonni_cislo) values (38, 'Maren', 'Espinas', '4/24/1933', 'mespinas11@ftc.gov', '+86 904 337 8846');
insert into majitel (id_majitel, krestni_jmeno, prijmeni, datum_narozeni, email, telefonni_cislo) values (39, 'Saba', 'Phebey', '12/18/1976', 'sphebey12@github.com', '+63 162 886 9132');
insert into majitel (id_majitel, krestni_jmeno, prijmeni, datum_narozeni, email, telefonni_cislo) values (40, 'Salvador', 'Cluderay', '3/28/1987', 'scluderay13@seesaa.net', '+380 699 573 2328');
insert into majitel (id_majitel, krestni_jmeno, prijmeni, datum_narozeni, email, telefonni_cislo) values (41, 'Dalia', 'Dennison', '7/14/1986', 'ddennison14@cnbc.com', '+81 109 304 1662');
insert into majitel (id_majitel, krestni_jmeno, prijmeni, datum_narozeni, email, telefonni_cislo) values (42, 'Brandyn', 'Rotham', '12/17/1933', 'brotham15@technorati.com', '+1 971 898 4273');
insert into majitel (id_majitel, krestni_jmeno, prijmeni, datum_narozeni, email, telefonni_cislo) values (43, 'Issy', 'Reaveley', '4/19/2001', 'ireaveley16@sphinn.com', '+57 951 537 3785');
insert into majitel (id_majitel, krestni_jmeno, prijmeni, datum_narozeni, email, telefonni_cislo) values (44, 'Lyon', 'Busen', '7/27/1966', 'lbusen17@cdc.gov', '+52 558 470 9168');
insert into majitel (id_majitel, krestni_jmeno, prijmeni, datum_narozeni, email, telefonni_cislo) values (45, 'Guthrie', 'Searchwell', '6/12/1987', 'gsearchwell18@fema.gov', '+66 656 680 3990');
insert into majitel (id_majitel, krestni_jmeno, prijmeni, datum_narozeni, email, telefonni_cislo) values (46, 'Gertrudis', 'Gonthard', '3/6/2007', 'ggonthard19@histats.com', '+1 615 828 0765');
insert into majitel (id_majitel, krestni_jmeno, prijmeni, datum_narozeni, email, telefonni_cislo) values (47, 'Page', 'Stickels', '11/26/1993', 'pstickels1a@thetimes.co.uk', '+62 203 842 8482');
insert into majitel (id_majitel, krestni_jmeno, prijmeni, datum_narozeni, email, telefonni_cislo) values (48, 'Gale', 'Helian', '6/18/1984', 'ghelian1b@unc.edu', '+505 587 370 5568');
insert into majitel (id_majitel, krestni_jmeno, prijmeni, datum_narozeni, email, telefonni_cislo) values (49, 'Claus', 'Wiszniewski', '10/30/1955', 'cwiszniewski1c@networkadvertising.org', '+86 496 320 3750');
insert into majitel (id_majitel, krestni_jmeno, prijmeni, datum_narozeni, email, telefonni_cislo) values (50, 'Josefa', 'Okenfold', '6/22/1932', 'jokenfold1d@paypal.com', '+386 258 204 9335');
insert into majitel (id_majitel, krestni_jmeno, prijmeni, datum_narozeni, email, telefonni_cislo) values (51, 'Rosmunda', 'Castiglioni', '6/6/1974', 'rcastiglioni1e@opera.com', '+7 935 576 4069');
insert into majitel (id_majitel, krestni_jmeno, prijmeni, datum_narozeni, email, telefonni_cislo) values (52, 'Arney', 'Hawkeswood', '5/20/1998', 'ahawkeswood1f@google.com.hk', '+33 728 504 9173');
insert into majitel (id_majitel, krestni_jmeno, prijmeni, datum_narozeni, email, telefonni_cislo) values (53, 'Charley', 'Gwioneth', '12/27/1965', 'cgwioneth1g@webmd.com', '+502 207 691 0689');
insert into majitel (id_majitel, krestni_jmeno, prijmeni, datum_narozeni, email, telefonni_cislo) values (54, 'Hagen', 'Gunther', '12/21/1992', 'hgunther1h@goodreads.com', '+420 106 114 4082');
insert into majitel (id_majitel, krestni_jmeno, prijmeni, datum_narozeni, email, telefonni_cislo) values (55, 'Liana', 'Boldock', '1/27/1964', 'lboldock1i@wufoo.com', '+63 969 369 2461');
insert into majitel (id_majitel, krestni_jmeno, prijmeni, datum_narozeni, email, telefonni_cislo) values (56, 'Zacharie', 'Strothers', '9/20/1962', 'zstrothers1j@ibm.com', '+62 697 903 6339');
insert into majitel (id_majitel, krestni_jmeno, prijmeni, datum_narozeni, email, telefonni_cislo) values (57, 'Lambert', 'Anthoney', '10/14/1983', 'lanthoney1k@gmpg.org', '+358 496 221 5297');
insert into majitel (id_majitel, krestni_jmeno, prijmeni, datum_narozeni, email, telefonni_cislo) values (58, 'Eustace', 'Gaspero', '12/4/1990', 'egaspero1l@ucsd.edu', '+52 859 289 2412');
insert into majitel (id_majitel, krestni_jmeno, prijmeni, datum_narozeni, email, telefonni_cislo) values (59, 'Cristin', 'Lillgard', '11/24/1960', 'clillgard1m@hostgator.com', '+66 349 658 3761');
insert into majitel (id_majitel, krestni_jmeno, prijmeni, datum_narozeni, email, telefonni_cislo) values (60, 'Robby', 'Crampin', '8/13/1980', 'rcrampin1n@mtv.com', '+86 493 622 6078');
insert into majitel (id_majitel, krestni_jmeno, prijmeni, datum_narozeni, email, telefonni_cislo) values (61, 'Nathanial', 'McBrier', '6/27/2002', 'nmcbrier1o@cbsnews.com', '+64 139 103 0657');
insert into majitel (id_majitel, krestni_jmeno, prijmeni, datum_narozeni, email, telefonni_cislo) values (62, 'Celia', 'Vallender', '11/1/1930', 'cvallender1p@cbc.ca', '+43 501 121 3696');
insert into majitel (id_majitel, krestni_jmeno, prijmeni, datum_narozeni, email, telefonni_cislo) values (63, 'Merrili', 'Revell', '5/9/1962', 'mrevell1q@rakuten.co.jp', '+351 220 211 9605');
insert into majitel (id_majitel, krestni_jmeno, prijmeni, datum_narozeni, email, telefonni_cislo) values (64, 'Calypso', 'Breitler', '10/30/1977', 'cbreitler1r@nationalgeographic.com', '+58 138 878 8135');
insert into majitel (id_majitel, krestni_jmeno, prijmeni, datum_narozeni, email, telefonni_cislo) values (65, 'Burton', 'Proughten', '1/4/1941', 'bproughten1s@ustream.tv', '+62 645 145 4074');
insert into majitel (id_majitel, krestni_jmeno, prijmeni, datum_narozeni, email, telefonni_cislo) values (66, 'Lev', 'McLice', '11/23/2006', 'lmclice1t@noaa.gov', '+385 614 547 4065');
insert into majitel (id_majitel, krestni_jmeno, prijmeni, datum_narozeni, email, telefonni_cislo) values (67, 'Daria', 'Denty', '8/16/1998', 'ddenty1u@china.com.cn', '+223 911 670 8229');
insert into majitel (id_majitel, krestni_jmeno, prijmeni, datum_narozeni, email, telefonni_cislo) values (68, 'Shadow', 'Crabtree', '4/5/1994', 'scrabtree1v@thetimes.co.uk', '+86 990 362 0265');
insert into majitel (id_majitel, krestni_jmeno, prijmeni, datum_narozeni, email, telefonni_cislo) values (69, 'Ralph', 'Crocroft', '1/22/1988', 'rcrocroft1w@forbes.com', '+353 995 392 3519');
insert into majitel (id_majitel, krestni_jmeno, prijmeni, datum_narozeni, email, telefonni_cislo) values (70, 'Quinlan', 'Gamil', '1/13/2001', 'qgamil1x@comsenz.com', '+266 671 168 7351');
insert into majitel (id_majitel, krestni_jmeno, prijmeni, datum_narozeni, email, telefonni_cislo) values (71, 'Janek', 'Beeston', '1/23/1950', 'jbeeston1y@amazon.com', '+86 824 265 5270');
insert into majitel (id_majitel, krestni_jmeno, prijmeni, datum_narozeni, email, telefonni_cislo) values (72, 'Jerome', 'Bodesson', '5/4/1951', 'jbodesson1z@woothemes.com', '+55 918 522 5239');
insert into majitel (id_majitel, krestni_jmeno, prijmeni, datum_narozeni, email, telefonni_cislo) values (73, 'Marys', 'Domenge', '5/24/1985', 'mdomenge20@free.fr', '+1 245 687 5303');
insert into majitel (id_majitel, krestni_jmeno, prijmeni, datum_narozeni, email, telefonni_cislo) values (74, 'Winny', 'Lohering', '5/3/2003', 'wlohering21@sbwire.com', '+353 583 192 8791');
insert into majitel (id_majitel, krestni_jmeno, prijmeni, datum_narozeni, email, telefonni_cislo) values (75, 'Pancho', 'Cunnell', '2/24/1987', 'pcunnell22@china.com.cn', '+262 587 601 0278');
insert into majitel (id_majitel, krestni_jmeno, prijmeni, datum_narozeni, email, telefonni_cislo) values (76, 'Sarena', 'Gross', '1/20/1981', 'sgross23@psu.edu', '+47 229 328 5594');
insert into majitel (id_majitel, krestni_jmeno, prijmeni, datum_narozeni, email, telefonni_cislo) values (77, 'Rozina', 'Coo', '6/17/1967', 'rcoo24@yellowbook.com', '+62 398 232 0660');
insert into majitel (id_majitel, krestni_jmeno, prijmeni, datum_narozeni, email, telefonni_cislo) values (78, 'Bjorn', 'Gilgryst', '1/31/1937', 'bgilgryst25@microsoft.com', '+420 243 506 8781');
insert into majitel (id_majitel, krestni_jmeno, prijmeni, datum_narozeni, email, telefonni_cislo) values (79, 'Cal', 'Maxweell', '11/29/1942', 'cmaxweell26@vimeo.com', '+58 440 396 1338');
insert into majitel (id_majitel, krestni_jmeno, prijmeni, datum_narozeni, email, telefonni_cislo) values (80, 'Laurette', 'Remirez', '1/17/1949', 'lremirez27@cyberchimps.com', '+62 953 802 9316');
insert into majitel (id_majitel, krestni_jmeno, prijmeni, datum_narozeni, email, telefonni_cislo) values (81, 'Zonda', 'Coviello', '10/27/1940', 'zcoviello28@nhs.uk', '+7 950 385 7558');
insert into majitel (id_majitel, krestni_jmeno, prijmeni, datum_narozeni, email, telefonni_cislo) values (82, 'Gaby', 'Tapson', '4/26/1958', 'gtapson29@whitehouse.gov', '+46 244 493 9441');
insert into majitel (id_majitel, krestni_jmeno, prijmeni, datum_narozeni, email, telefonni_cislo) values (83, 'Theo', 'Bauser', '7/6/2006', 'tbauser2a@nydailynews.com', '+62 682 796 8094');
insert into majitel (id_majitel, krestni_jmeno, prijmeni, datum_narozeni, email, telefonni_cislo) values (84, 'Calla', 'Prine', '4/15/1969', 'cprine2b@archive.org', '+86 830 569 0975');
insert into majitel (id_majitel, krestni_jmeno, prijmeni, datum_narozeni, email, telefonni_cislo) values (85, 'Silvain', 'Orris', '11/27/1931', 'sorris2c@canalblog.com', '+970 905 279 5527');
insert into majitel (id_majitel, krestni_jmeno, prijmeni, datum_narozeni, email, telefonni_cislo) values (86, 'Maximilianus', 'Kinnen', '9/11/1959', 'mkinnen2d@123-reg.co.uk', '+1 871 223 9625');
insert into majitel (id_majitel, krestni_jmeno, prijmeni, datum_narozeni, email, telefonni_cislo) values (87, 'Alanna', 'Devenish', '11/19/1939', 'adevenish2e@youtu.be', '+86 979 772 5906');
insert into majitel (id_majitel, krestni_jmeno, prijmeni, datum_narozeni, email, telefonni_cislo) values (88, 'Ainslie', 'Jaggli', '8/31/1984', 'ajaggli2f@pagesperso-orange.fr', '+86 146 973 6316');
insert into majitel (id_majitel, krestni_jmeno, prijmeni, datum_narozeni, email, telefonni_cislo) values (89, 'Pedro', 'Witherington', '5/29/1949', 'pwitherington2g@washingtonpost.com', '+58 423 741 9286');
insert into majitel (id_majitel, krestni_jmeno, prijmeni, datum_narozeni, email, telefonni_cislo) values (90, 'Stanley', 'Sleigh', '12/11/1953', 'ssleigh2h@dagondesign.com', '+234 684 789 9786');
insert into majitel (id_majitel, krestni_jmeno, prijmeni, datum_narozeni, email, telefonni_cislo) values (91, 'Burty', 'Schule', '2/20/1987', 'bschule2i@buzzfeed.com', '+63 262 321 2578');
insert into majitel (id_majitel, krestni_jmeno, prijmeni, datum_narozeni, email, telefonni_cislo) values (92, 'Fara', 'Coleby', '12/14/1991', 'fcoleby2j@bloglovin.com', '+46 868 181 3101');
insert into majitel (id_majitel, krestni_jmeno, prijmeni, datum_narozeni, email, telefonni_cislo) values (93, 'Beau', 'Regus', '10/27/1955', 'bregus2k@e-recht24.de', '+856 108 345 5995');
insert into majitel (id_majitel, krestni_jmeno, prijmeni, datum_narozeni, email, telefonni_cislo) values (94, 'Marketa', 'Kerswill', '1/16/1951', 'mkerswill2l@guardian.co.uk', '+62 604 530 7217');
insert into majitel (id_majitel, krestni_jmeno, prijmeni, datum_narozeni, email, telefonni_cislo) values (95, 'Geoffry', 'Lodwig', '11/20/1948', 'glodwig2m@flavors.me', '+850 849 702 3719');
insert into majitel (id_majitel, krestni_jmeno, prijmeni, datum_narozeni, email, telefonni_cislo) values (96, 'Gavin', 'Glass', '1/24/1956', 'gglass2n@dedecms.com', '+52 272 326 4267');
insert into majitel (id_majitel, krestni_jmeno, prijmeni, datum_narozeni, email, telefonni_cislo) values (97, 'Trueman', 'Kliement', '6/2/2003', 'tkliement2o@sohu.com', '+33 614 143 1112');
insert into majitel (id_majitel, krestni_jmeno, prijmeni, datum_narozeni, email, telefonni_cislo) values (98, 'Meir', 'Dat', '2/13/1960', 'mdat2p@toplist.cz', '+33 520 350 1927');
insert into majitel (id_majitel, krestni_jmeno, prijmeni, datum_narozeni, email, telefonni_cislo) values (99, 'Bevvy', 'Hodjetts', '3/8/1951', 'bhodjetts2q@whitehouse.gov', '+34 797 302 0359');
insert into majitel (id_majitel, krestni_jmeno, prijmeni, datum_narozeni, email, telefonni_cislo) values (100, 'Theobald', 'Slatten', '4/20/1996', 'tslatten2r@ezinearticles.com', '+62 924 487 0515');
select setval(pg_get_serial_sequence('majitel','id_majitel'),100);

-- Makler
insert into makler (id_makler, krestni_jmeno, prijmeni, datum_zacatku_pp, email, telefonni_cislo, uspesnost) values (1, 'Juanita', 'Godmar', '7/10/1935', 'jgodmar0@baidu.com', '+33 619 327 5504', 66);
insert into makler (id_makler, krestni_jmeno, prijmeni, datum_zacatku_pp, email, telefonni_cislo, uspesnost) values (2, 'Bryon', 'Ferrick', '6/14/1993', 'bferrick1@toplist.cz', '+420 974 106 8474', 21);
insert into makler (id_makler, krestni_jmeno, prijmeni, datum_zacatku_pp, email, telefonni_cislo, uspesnost) values (3, 'Griffy', 'Byneth', '1/8/1998', 'gbyneth2@drupal.org', '+86 117 491 5321', 42);
insert into makler (id_makler, krestni_jmeno, prijmeni, datum_zacatku_pp, email, telefonni_cislo, uspesnost) values (4, 'Lesley', 'Lowers', '6/24/1982', 'llowers3@arizona.edu', '+48 381 604 8668', 61);
insert into makler (id_makler, krestni_jmeno, prijmeni, datum_zacatku_pp, email, telefonni_cislo, uspesnost) values (5, 'Lalo', 'Epdell', '6/30/1931', 'lepdell4@patch.com', '+46 840 575 0623', 79);
insert into makler (id_makler, krestni_jmeno, prijmeni, datum_zacatku_pp, email, telefonni_cislo, uspesnost) values (6, 'Evyn', 'Thomazin', '6/16/1971', 'ethomazin5@biglobe.ne.jp', '+33 257 253 0102', 24);
insert into makler (id_makler, krestni_jmeno, prijmeni, datum_zacatku_pp, email, telefonni_cislo, uspesnost) values (7, 'Norrie', 'Thompkins', '2/4/1936', 'nthompkins6@cloudflare.com', '+970 168 516 4160', 12);
insert into makler (id_makler, krestni_jmeno, prijmeni, datum_zacatku_pp, email, telefonni_cislo, uspesnost) values (8, 'Rube', 'Atton', '9/26/2000', 'ratton7@blog.com', '+57 448 533 6475', 66);
insert into makler (id_makler, krestni_jmeno, prijmeni, datum_zacatku_pp, email, telefonni_cislo, uspesnost) values (9, 'Fania', 'Iacobucci', '3/5/1962', 'fiacobucci8@merriam-webster.com', '+86 579 827 5012', 49);
insert into makler (id_makler, krestni_jmeno, prijmeni, datum_zacatku_pp, email, telefonni_cislo, uspesnost) values (10, 'Lucilia', 'Tatterton', '1/9/2006', 'ltatterton9@jalbum.net', '+48 575 297 4932', 83);
insert into makler (id_makler, krestni_jmeno, prijmeni, datum_zacatku_pp, email, telefonni_cislo, uspesnost) values (11, 'Lacey', 'Berth', '11/26/1936', 'lbertha@cloudflare.com', '+86 864 748 0856', 94);
insert into makler (id_makler, krestni_jmeno, prijmeni, datum_zacatku_pp, email, telefonni_cislo, uspesnost) values (12, 'Kathi', 'de Guerre', '11/15/1968', 'kdeguerreb@cdbaby.com', '+225 268 526 5443', 12);
insert into makler (id_makler, krestni_jmeno, prijmeni, datum_zacatku_pp, email, telefonni_cislo, uspesnost) values (13, 'Johanna', 'Bradd', '4/4/1932', 'jbraddc@geocities.jp', '+86 725 482 2194', 7);
insert into makler (id_makler, krestni_jmeno, prijmeni, datum_zacatku_pp, email, telefonni_cislo, uspesnost) values (14, 'Cynde', 'Gore', '7/22/1961', 'cgored@google.cn', '+51 104 465 5275', 77);
insert into makler (id_makler, krestni_jmeno, prijmeni, datum_zacatku_pp, email, telefonni_cislo, uspesnost) values (15, 'Kayla', 'Kenen', '8/20/1979', 'kkenene@admin.ch', '+48 758 850 8976', 14);
insert into makler (id_makler, krestni_jmeno, prijmeni, datum_zacatku_pp, email, telefonni_cislo, uspesnost) values (16, 'Betty', 'Victory', '9/19/1971', 'bvictoryf@jalbum.net', '+86 701 479 9366', 33);
insert into makler (id_makler, krestni_jmeno, prijmeni, datum_zacatku_pp, email, telefonni_cislo, uspesnost) values (17, 'Anet', 'Ollet', '12/8/1986', 'aolletg@washington.edu', '+60 747 474 1884', 28);
insert into makler (id_makler, krestni_jmeno, prijmeni, datum_zacatku_pp, email, telefonni_cislo, uspesnost) values (18, 'Brannon', 'Genthner', '1/17/1954', 'bgenthnerh@pinterest.com', '+63 441 136 9454', 67);
insert into makler (id_makler, krestni_jmeno, prijmeni, datum_zacatku_pp, email, telefonni_cislo, uspesnost) values (19, 'Victoir', 'McElroy', '8/1/1950', 'vmcelroyi@springer.com', '+82 792 411 8667', 2);
insert into makler (id_makler, krestni_jmeno, prijmeni, datum_zacatku_pp, email, telefonni_cislo, uspesnost) values (20, 'Si', 'Hovenden', '8/27/1959', 'shovendenj@ovh.net', '+86 493 898 6698', 28);
insert into makler (id_makler, krestni_jmeno, prijmeni, datum_zacatku_pp, email, telefonni_cislo, uspesnost) values (21, 'John', 'Newman', '4/10/1998', 'newmanjohn@gmail.com', '+86 123 456 1909', 55);
select setval(pg_get_serial_sequence('makler','id_makler'), 21);

-- Zajemce
insert into zajemce (id_zajemce, krestni_jmeno, prijmeni, email, telefonni_cislo) values (1, 'Pearla', 'Chene', 'pchene0@abc.net.au', '+57 621 793 7725');
insert into zajemce (id_zajemce, krestni_jmeno, prijmeni, email, telefonni_cislo) values (2, 'Dorree', 'Kinde', 'dkinde1@google.de', '+86 439 689 9829');
insert into zajemce (id_zajemce, krestni_jmeno, prijmeni, email, telefonni_cislo) values (3, 'Jeff', 'Brumble', 'jbrumble2@typepad.com', '+234 387 952 6651');
insert into zajemce (id_zajemce, krestni_jmeno, prijmeni, email, telefonni_cislo) values (4, 'Mart', 'Gioani', 'mgioani3@slashdot.org', '+420 351 382 2784');
insert into zajemce (id_zajemce, krestni_jmeno, prijmeni, email, telefonni_cislo) values (5, 'Cami', 'Fairman', 'cfairman4@princeton.edu', '+62 746 535 6602');
insert into zajemce (id_zajemce, krestni_jmeno, prijmeni, email, telefonni_cislo) values (6, 'Abagail', 'Banane', 'abanane5@telegraph.co.uk', '+81 748 379 5958');
insert into zajemce (id_zajemce, krestni_jmeno, prijmeni, email, telefonni_cislo) values (7, 'Therine', 'Mebes', 'tmebes6@mlb.com', '+86 139 577 7218');
insert into zajemce (id_zajemce, krestni_jmeno, prijmeni, email, telefonni_cislo) values (8, 'Ninetta', 'Todman', 'ntodman7@barnesandnoble.com', '+52 897 985 3135');
insert into zajemce (id_zajemce, krestni_jmeno, prijmeni, email, telefonni_cislo) values (9, 'Joannes', 'Bloxam', 'jbloxam8@google.it', '+386 879 293 6007');
insert into zajemce (id_zajemce, krestni_jmeno, prijmeni, email, telefonni_cislo) values (10, 'Burtie', 'McGibbon', 'bmcgibbon9@microsoft.com', '+86 935 366 2039');
insert into zajemce (id_zajemce, krestni_jmeno, prijmeni, email, telefonni_cislo) values (11, 'Amber', 'Horburgh', 'ahorburgha@dell.com', '+234 290 555 8620');
insert into zajemce (id_zajemce, krestni_jmeno, prijmeni, email, telefonni_cislo) values (12, 'Tobie', 'Tunbridge', 'ttunbridgeb@homestead.com', '+55 655 896 6773');
insert into zajemce (id_zajemce, krestni_jmeno, prijmeni, email, telefonni_cislo) values (13, 'Killian', 'Wield', 'kwieldc@smh.com.au', '+46 785 814 3320');
insert into zajemce (id_zajemce, krestni_jmeno, prijmeni, email, telefonni_cislo) values (14, 'Cedric', 'Brockie', 'cbrockied@harvard.edu', '+62 340 370 0799');
insert into zajemce (id_zajemce, krestni_jmeno, prijmeni, email, telefonni_cislo) values (15, 'Valentia', 'Kemme', 'vkemmee@chron.com', '+86 930 596 0961');
insert into zajemce (id_zajemce, krestni_jmeno, prijmeni, email, telefonni_cislo) values (16, 'Netta', 'Pritchett', 'npritchettf@dailymail.co.uk', '+86 274 986 3490');
insert into zajemce (id_zajemce, krestni_jmeno, prijmeni, email, telefonni_cislo) values (17, 'Duky', 'Stripp', 'dstrippg@phoca.cz', '+62 808 398 7634');
insert into zajemce (id_zajemce, krestni_jmeno, prijmeni, email, telefonni_cislo) values (18, 'Nolly', 'Marjanski', 'nmarjanskih@prnewswire.com', '+62 851 896 8044');
insert into zajemce (id_zajemce, krestni_jmeno, prijmeni, email, telefonni_cislo) values (19, 'Magdalen', 'Stonhard', 'mstonhardi@ocn.ne.jp', '+242 781 360 7963');
insert into zajemce (id_zajemce, krestni_jmeno, prijmeni, email, telefonni_cislo) values (20, 'Annette', 'Rosenfarb', 'arosenfarbj@ibm.com', '+7 325 325 1416');
insert into zajemce (id_zajemce, krestni_jmeno, prijmeni, email, telefonni_cislo) values (21, 'Minda', 'Amdohr', 'mamdohrk@canalblog.com', '+1 388 720 3036');
insert into zajemce (id_zajemce, krestni_jmeno, prijmeni, email, telefonni_cislo) values (22, 'Vivia', 'Bodell', 'vbodelll@imdb.com', '+242 276 508 4422');
insert into zajemce (id_zajemce, krestni_jmeno, prijmeni, email, telefonni_cislo) values (23, 'Steffi', 'Couvert', 'scouvertm@booking.com', '+27 486 400 7547');
insert into zajemce (id_zajemce, krestni_jmeno, prijmeni, email, telefonni_cislo) values (24, 'Oralie', 'Cobson', 'ocobsonn@independent.co.uk', '+86 554 504 5425');
insert into zajemce (id_zajemce, krestni_jmeno, prijmeni, email, telefonni_cislo) values (25, 'Ive', 'Newcomen', 'inewcomeno@examiner.com', '+66 846 165 9773');
insert into zajemce (id_zajemce, krestni_jmeno, prijmeni, email, telefonni_cislo) values (26, 'Leonidas', 'Durkin', 'ldurkinp@pcworld.com', '+62 675 990 5347');
insert into zajemce (id_zajemce, krestni_jmeno, prijmeni, email, telefonni_cislo) values (27, 'Read', 'Dance', 'rdanceq@amazon.co.uk', '+46 375 371 5314');
insert into zajemce (id_zajemce, krestni_jmeno, prijmeni, email, telefonni_cislo) values (28, 'Harlan', 'Erwin', 'herwinr@i2i.jp', '+353 330 851 1854');
insert into zajemce (id_zajemce, krestni_jmeno, prijmeni, email, telefonni_cislo) values (29, 'Rollie', 'Rennick', 'rrennicks@icq.com', '+7 300 434 0512');
insert into zajemce (id_zajemce, krestni_jmeno, prijmeni, email, telefonni_cislo) values (30, 'Cecilla', 'Calwell', 'ccalwellt@abc.net.au', '+86 461 832 3356');
insert into zajemce (id_zajemce, krestni_jmeno, prijmeni, email, telefonni_cislo) values (31, 'Clark', 'Pineaux', 'cpineauxu@ocn.ne.jp', '+62 314 826 3728');
insert into zajemce (id_zajemce, krestni_jmeno, prijmeni, email, telefonni_cislo) values (32, 'Frederic', 'Hothersall', 'fhothersallv@amazonaws.com', '+86 315 753 9342');
insert into zajemce (id_zajemce, krestni_jmeno, prijmeni, email, telefonni_cislo) values (33, 'Charmaine', 'Woolis', 'cwoolisw@opensource.org', '+62 912 400 7409');
insert into zajemce (id_zajemce, krestni_jmeno, prijmeni, email, telefonni_cislo) values (34, 'Jeddy', 'Hansel', 'jhanselx@bravesites.com', '+1 966 336 9066');
insert into zajemce (id_zajemce, krestni_jmeno, prijmeni, email, telefonni_cislo) values (35, 'Rafa', 'Charle', 'rcharley@biblegateway.com', '+86 967 665 5094');
insert into zajemce (id_zajemce, krestni_jmeno, prijmeni, email, telefonni_cislo) values (36, 'Koressa', 'Rains', 'krainsz@hugedomains.com', '+380 676 786 3659');
insert into zajemce (id_zajemce, krestni_jmeno, prijmeni, email, telefonni_cislo) values (37, 'Ernst', 'Tremayne', 'etremayne10@prlog.org', '+1 763 302 0137');
insert into zajemce (id_zajemce, krestni_jmeno, prijmeni, email, telefonni_cislo) values (38, 'Deana', 'Lippiatt', 'dlippiatt11@washington.edu', '+62 993 716 2797');
insert into zajemce (id_zajemce, krestni_jmeno, prijmeni, email, telefonni_cislo) values (39, 'Brittni', 'Patey', 'bpatey12@dell.com', '+55 585 471 6364');
insert into zajemce (id_zajemce, krestni_jmeno, prijmeni, email, telefonni_cislo) values (40, 'Calla', 'Brigshaw', 'cbrigshaw13@livejournal.com', '+591 659 481 7208');
insert into zajemce (id_zajemce, krestni_jmeno, prijmeni, email, telefonni_cislo) values (41, 'Yorker', 'Rafferty', 'yrafferty14@networkadvertising.org', '+351 109 217 2267');
insert into zajemce (id_zajemce, krestni_jmeno, prijmeni, email, telefonni_cislo) values (42, 'Woodrow', 'Light', 'wlight15@mail.ru', '+1 419 858 5202');
insert into zajemce (id_zajemce, krestni_jmeno, prijmeni, email, telefonni_cislo) values (43, 'Vinnie', 'Garmston', 'vgarmston16@stanford.edu', '+62 838 152 4242');
insert into zajemce (id_zajemce, krestni_jmeno, prijmeni, email, telefonni_cislo) values (44, 'Prisca', 'Cosby', 'pcosby17@springer.com', '+49 755 417 6231');
insert into zajemce (id_zajemce, krestni_jmeno, prijmeni, email, telefonni_cislo) values (45, 'Saloma', 'Bustard', 'sbustard18@posterous.com', '+46 931 907 2493');
insert into zajemce (id_zajemce, krestni_jmeno, prijmeni, email, telefonni_cislo) values (46, 'Deva', 'Gehring', 'dgehring19@sohu.com', '+244 636 342 0098');
insert into zajemce (id_zajemce, krestni_jmeno, prijmeni, email, telefonni_cislo) values (47, 'Tarra', 'Lammerich', 'tlammerich1a@earthlink.net', '+55 893 826 2870');
insert into zajemce (id_zajemce, krestni_jmeno, prijmeni, email, telefonni_cislo) values (48, 'Angelita', 'Gayle', 'agayle1b@clickbank.net', '+7 419 677 6274');
insert into zajemce (id_zajemce, krestni_jmeno, prijmeni, email, telefonni_cislo) values (49, 'Norbert', 'Elmhurst', 'nelmhurst1c@hubpages.com', '+62 622 302 3993');
insert into zajemce (id_zajemce, krestni_jmeno, prijmeni, email, telefonni_cislo) values (50, 'Roana', 'Renison', 'rrenison1d@spiegel.de', '+66 518 793 7909');
insert into zajemce (id_zajemce, krestni_jmeno, prijmeni, email, telefonni_cislo) values (51, 'Rafaela', 'Ashburne', 'rashburne1e@seesaa.net', '+62 611 672 4254');
insert into zajemce (id_zajemce, krestni_jmeno, prijmeni, email, telefonni_cislo) values (52, 'Aubrette', 'Layson', 'alayson1f@statcounter.com', '+992 329 559 2176');
insert into zajemce (id_zajemce, krestni_jmeno, prijmeni, email, telefonni_cislo) values (53, 'Jess', 'Canty', 'jcanty1g@state.gov', '+86 918 448 7417');
insert into zajemce (id_zajemce, krestni_jmeno, prijmeni, email, telefonni_cislo) values (54, 'Tad', 'Blundel', 'tblundel1h@howstuffworks.com', '+351 870 625 3262');
insert into zajemce (id_zajemce, krestni_jmeno, prijmeni, email, telefonni_cislo) values (55, 'Leila', 'Jouannin', 'ljouannin1i@mlb.com', '+51 719 888 2017');
insert into zajemce (id_zajemce, krestni_jmeno, prijmeni, email, telefonni_cislo) values (56, 'Dacia', 'Wynrahame', 'dwynrahame1j@disqus.com', '+351 641 794 9404');
insert into zajemce (id_zajemce, krestni_jmeno, prijmeni, email, telefonni_cislo) values (57, 'Marti', 'Comport', 'mcomport1k@php.net', '+81 105 259 1312');
insert into zajemce (id_zajemce, krestni_jmeno, prijmeni, email, telefonni_cislo) values (58, 'Stevana', 'Cordall', 'scordall1l@is.gd', '+86 893 302 2967');
insert into zajemce (id_zajemce, krestni_jmeno, prijmeni, email, telefonni_cislo) values (59, 'Tripp', 'Garry', 'tgarry1m@nps.gov', '+351 969 772 6611');
insert into zajemce (id_zajemce, krestni_jmeno, prijmeni, email, telefonni_cislo) values (60, 'Roch', 'Sacher', 'rsacher1n@nasa.gov', '+7 539 844 6558');
insert into zajemce (id_zajemce, krestni_jmeno, prijmeni, email, telefonni_cislo) values (61, 'Quinn', 'Eagles', 'qeagles1o@unblog.fr', '+351 658 941 1522');
insert into zajemce (id_zajemce, krestni_jmeno, prijmeni, email, telefonni_cislo) values (62, 'Nicolis', 'Josofovitz', 'njosofovitz1p@oakley.com', '+251 596 167 2446');
insert into zajemce (id_zajemce, krestni_jmeno, prijmeni, email, telefonni_cislo) values (63, 'Brodie', 'Surgeoner', 'bsurgeoner1q@bing.com', '+27 532 746 6033');
insert into zajemce (id_zajemce, krestni_jmeno, prijmeni, email, telefonni_cislo) values (64, 'Thorin', 'Meeks', 'tmeeks1r@symantec.com', '+46 375 221 2497');
insert into zajemce (id_zajemce, krestni_jmeno, prijmeni, email, telefonni_cislo) values (65, 'Dell', 'Cicchetto', 'dcicchetto1s@free.fr', '+7 224 414 9767');
insert into zajemce (id_zajemce, krestni_jmeno, prijmeni, email, telefonni_cislo) values (66, 'Arleyne', 'Halson', 'ahalson1t@newyorker.com', '+86 196 335 4895');
insert into zajemce (id_zajemce, krestni_jmeno, prijmeni, email, telefonni_cislo) values (67, 'Natka', 'Rubinowitch', 'nrubinowitch1u@telegraph.co.uk', '+502 268 589 9954');
insert into zajemce (id_zajemce, krestni_jmeno, prijmeni, email, telefonni_cislo) values (68, 'Gabriello', 'Bartell', 'gbartell1v@umn.edu', '+46 650 272 5810');
insert into zajemce (id_zajemce, krestni_jmeno, prijmeni, email, telefonni_cislo) values (69, 'Morse', 'Hensmans', 'mhensmans1w@nydailynews.com', '+1 426 527 6857');
insert into zajemce (id_zajemce, krestni_jmeno, prijmeni, email, telefonni_cislo) values (70, 'Viviana', 'Hasker', 'vhasker1x@linkedin.com', '+64 777 683 9683');
insert into zajemce (id_zajemce, krestni_jmeno, prijmeni, email, telefonni_cislo) values (71, 'Pepe', 'Bartomeu', 'pbartomeu1y@slate.com', '+86 745 397 5949');
insert into zajemce (id_zajemce, krestni_jmeno, prijmeni, email, telefonni_cislo) values (72, 'Stacee', 'Greder', 'sgreder1z@nyu.edu', '+976 815 142 1478');
insert into zajemce (id_zajemce, krestni_jmeno, prijmeni, email, telefonni_cislo) values (73, 'Ailbert', 'Annetts', 'aannetts20@geocities.jp', '+1 305 987 1303');
insert into zajemce (id_zajemce, krestni_jmeno, prijmeni, email, telefonni_cislo) values (74, 'Abe', 'Haggleton', 'ahaggleton21@about.com', '+381 650 355 5575');
insert into zajemce (id_zajemce, krestni_jmeno, prijmeni, email, telefonni_cislo) values (75, 'Jackquelin', 'Letts', 'jletts22@un.org', '+880 501 351 2971');
insert into zajemce (id_zajemce, krestni_jmeno, prijmeni, email, telefonni_cislo) values (76, 'Cathryn', 'Pawlik', 'cpawlik23@ebay.com', '+55 154 351 8992');
insert into zajemce (id_zajemce, krestni_jmeno, prijmeni, email, telefonni_cislo) values (77, 'Tabor', 'Vase', 'tvase24@wp.com', '+51 245 590 4506');
insert into zajemce (id_zajemce, krestni_jmeno, prijmeni, email, telefonni_cislo) values (78, 'Jehanna', 'Swyn', 'jswyn25@istockphoto.com', '+52 152 496 2923');
insert into zajemce (id_zajemce, krestni_jmeno, prijmeni, email, telefonni_cislo) values (79, 'Enos', 'Stodd', 'estodd26@yale.edu', '+81 215 994 3843');
insert into zajemce (id_zajemce, krestni_jmeno, prijmeni, email, telefonni_cislo) values (80, 'Merrie', 'Daveridge', 'mdaveridge27@marriott.com', '+86 143 142 6991');
insert into zajemce (id_zajemce, krestni_jmeno, prijmeni, email, telefonni_cislo) values (81, 'Naomi', 'Lambillion', 'nlambillion28@dailymail.co.uk', '+53 781 860 9289');
insert into zajemce (id_zajemce, krestni_jmeno, prijmeni, email, telefonni_cislo) values (82, 'Cindie', 'Langeley', 'clangeley29@alexa.com', '+54 658 943 6420');
insert into zajemce (id_zajemce, krestni_jmeno, prijmeni, email, telefonni_cislo) values (83, 'Emanuel', 'Pilbeam', 'epilbeam2a@cargocollective.com', '+86 935 641 2171');
insert into zajemce (id_zajemce, krestni_jmeno, prijmeni, email, telefonni_cislo) values (84, 'Jackie', 'Pullen', 'jpullen2b@earthlink.net', '+7 992 129 2185');
insert into zajemce (id_zajemce, krestni_jmeno, prijmeni, email, telefonni_cislo) values (85, 'Myles', 'Erickssen', 'merickssen2c@weebly.com', '+386 697 496 7960');
insert into zajemce (id_zajemce, krestni_jmeno, prijmeni, email, telefonni_cislo) values (86, 'Lindy', 'Verbrugghen', 'lverbrugghen2d@de.vu', '+62 150 899 6762');
insert into zajemce (id_zajemce, krestni_jmeno, prijmeni, email, telefonni_cislo) values (87, 'Freddy', 'Gritten', 'fgritten2e@mysql.com', '+62 614 644 4807');
insert into zajemce (id_zajemce, krestni_jmeno, prijmeni, email, telefonni_cislo) values (88, 'Letty', 'Kilby', 'lkilby2f@networksolutions.com', '+503 805 470 2676');
insert into zajemce (id_zajemce, krestni_jmeno, prijmeni, email, telefonni_cislo) values (89, 'Sabrina', 'Crowson', 'scrowson2g@zimbio.com', '+351 791 992 3108');
insert into zajemce (id_zajemce, krestni_jmeno, prijmeni, email, telefonni_cislo) values (90, 'Andriana', 'Rude', 'arude2h@mlb.com', '+81 878 705 9442');
insert into zajemce (id_zajemce, krestni_jmeno, prijmeni, email, telefonni_cislo) values (91, 'Sarina', 'Quibell', 'squibell2i@imdb.com', '+380 563 673 6069');
insert into zajemce (id_zajemce, krestni_jmeno, prijmeni, email, telefonni_cislo) values (92, 'Adoree', 'Panchen', 'apanchen2j@marriott.com', '+359 504 349 5526');
insert into zajemce (id_zajemce, krestni_jmeno, prijmeni, email, telefonni_cislo) values (93, 'Mic', 'Swindell', 'mswindell2k@youku.com', '+264 150 152 8701');
insert into zajemce (id_zajemce, krestni_jmeno, prijmeni, email, telefonni_cislo) values (94, 'Sherlock', 'Odeson', 'sodeson2l@squidoo.com', '+973 246 697 8154');
insert into zajemce (id_zajemce, krestni_jmeno, prijmeni, email, telefonni_cislo) values (95, 'Juan', 'Desmond', 'jdesmond2m@flickr.com', '+46 280 360 8636');
insert into zajemce (id_zajemce, krestni_jmeno, prijmeni, email, telefonni_cislo) values (96, 'Lyssa', 'Mcmanaman', 'lmcmanaman2n@sphinn.com', '+86 509 693 0958');
insert into zajemce (id_zajemce, krestni_jmeno, prijmeni, email, telefonni_cislo) values (97, 'Cole', 'Hamley', 'chamley2o@cmu.edu', '+66 729 810 8261');
insert into zajemce (id_zajemce, krestni_jmeno, prijmeni, email, telefonni_cislo) values (98, 'Nikolaus', 'Swigger', 'nswigger2p@marketwatch.com', '+62 404 119 6521');
insert into zajemce (id_zajemce, krestni_jmeno, prijmeni, email, telefonni_cislo) values (99, 'Aurea', 'MacCourt', 'amaccourt2q@irs.gov', '+385 222 759 4690');
insert into zajemce (id_zajemce, krestni_jmeno, prijmeni, email, telefonni_cislo) values (100, 'Alie', 'Fernanando', 'afernanando2r@adobe.com', '+62 689 492 2596');
insert into zajemce (id_zajemce, krestni_jmeno, prijmeni, email, telefonni_cislo) values (101, 'Jose', 'Da Silva', 'DaSilvos123@adobe.com', '+62 689 492 2596');

select setval(pg_get_serial_sequence('zajemce','id_zajemce'),101);

-- Mesto
insert into mesto (id_mesto, mesto) values (1, 'Yongxing Chengguanzhen');
insert into mesto (id_mesto, mesto) values (2, 'Nice');
insert into mesto (id_mesto, mesto) values (3, 'Yasothon');
insert into mesto (id_mesto, mesto) values (4, 'Vale Maceiras');
insert into mesto (id_mesto, mesto) values (5, 'Skhirat');
insert into mesto (id_mesto, mesto) values (6, 'Jinrui');
insert into mesto (id_mesto, mesto) values (7, 'Staten Island');
insert into mesto (id_mesto, mesto) values (8, 'Hushan');
insert into mesto (id_mesto, mesto) values (9, 'Tembilahan');
insert into mesto (id_mesto, mesto) values (10, 'San Antonio');
insert into mesto (id_mesto, mesto) values (11, 'Agualote');
insert into mesto (id_mesto, mesto) values (12, 'Jiangwan');
insert into mesto (id_mesto, mesto) values (13, 'Nizhniy Dzhengutay');
insert into mesto (id_mesto, mesto) values (14, 'Neftobod');
insert into mesto (id_mesto, mesto) values (15, 'Huddinge');
insert into mesto (id_mesto, mesto) values (16, 'Ankola');
insert into mesto (id_mesto, mesto) values (17, 'Kaum Kaler');
insert into mesto (id_mesto, mesto) values (18, 'Fatukanutu');
insert into mesto (id_mesto, mesto) values (19, 'Mazhu');
insert into mesto (id_mesto, mesto) values (20, 'Livadiya');
select setval(pg_get_serial_sequence('mesto','id_mesto'),20);

-- Ulice
insert into ulice (id_ulice, id_mesto, nazev, cislo_popisne, evidencni_cislo) values (1, 14, 'Stone Corner', null, 2);
insert into ulice (id_ulice, id_mesto, nazev, cislo_popisne, evidencni_cislo) values (2, 6, 'Little Fleur', null, 10);
insert into ulice (id_ulice, id_mesto, nazev, cislo_popisne, evidencni_cislo) values (3, 1, 'Fair Oaks', '8763', null);
insert into ulice (id_ulice, id_mesto, nazev, cislo_popisne, evidencni_cislo) values (4, 10, 'Spohn', '4940', null);
insert into ulice (id_ulice, id_mesto, nazev, cislo_popisne, evidencni_cislo) values (5, 16, 'Pawling', '354', null);
insert into ulice (id_ulice, id_mesto, nazev, cislo_popisne, evidencni_cislo) values (6, 13, 'Clarendon', '62587', null);
insert into ulice (id_ulice, id_mesto, nazev, cislo_popisne, evidencni_cislo) values (7, 6, 'Green', null, 14);
insert into ulice (id_ulice, id_mesto, nazev, cislo_popisne, evidencni_cislo) values (8, 8, 'Hoepker', '42885', null);
insert into ulice (id_ulice, id_mesto, nazev, cislo_popisne, evidencni_cislo) values (9, 19, 'Schurz', '455', null);
insert into ulice (id_ulice, id_mesto, nazev, cislo_popisne, evidencni_cislo) values (10, 15, 'Village', '4706', null);
insert into ulice (id_ulice, id_mesto, nazev, cislo_popisne, evidencni_cislo) values (11, 4, 'School', '548', null);
insert into ulice (id_ulice, id_mesto, nazev, cislo_popisne, evidencni_cislo) values (12, 16, 'Michigan', '76', null);
insert into ulice (id_ulice, id_mesto, nazev, cislo_popisne, evidencni_cislo) values (13, 8, 'Grover', '2', null);
insert into ulice (id_ulice, id_mesto, nazev, cislo_popisne, evidencni_cislo) values (14, 8, 'Buena Vista', '2', null);
insert into ulice (id_ulice, id_mesto, nazev, cislo_popisne, evidencni_cislo) values (15, 11, 'Evergreen', '81', null);
insert into ulice (id_ulice, id_mesto, nazev, cislo_popisne, evidencni_cislo) values (16, 7, 'Florence', '9508', null);
insert into ulice (id_ulice, id_mesto, nazev, cislo_popisne, evidencni_cislo) values (17, 6, 'Elmside', null, 6);
insert into ulice (id_ulice, id_mesto, nazev, cislo_popisne, evidencni_cislo) values (18, 11, 'Harper', '7', null);
insert into ulice (id_ulice, id_mesto, nazev, cislo_popisne, evidencni_cislo) values (19, 14, 'Namekagon', '1', null);
insert into ulice (id_ulice, id_mesto, nazev, cislo_popisne, evidencni_cislo) values (20, 6, 'Chive', '70', null);
insert into ulice (id_ulice, id_mesto, nazev, cislo_popisne, evidencni_cislo) values (21, 19, 'Kinsman', '0', null);
insert into ulice (id_ulice, id_mesto, nazev, cislo_popisne, evidencni_cislo) values (22, 1, 'Gina', null, 15);
insert into ulice (id_ulice, id_mesto, nazev, cislo_popisne, evidencni_cislo) values (23, 3, 'Heffernan', '4733', null);
insert into ulice (id_ulice, id_mesto, nazev, cislo_popisne, evidencni_cislo) values (24, 14, 'Anzinger', '37', null);
insert into ulice (id_ulice, id_mesto, nazev, cislo_popisne, evidencni_cislo) values (25, 9, 'Pepper Wood', '3148', null);
insert into ulice (id_ulice, id_mesto, nazev, cislo_popisne, evidencni_cislo) values (26, 17, 'Melody', null, 12);
insert into ulice (id_ulice, id_mesto, nazev, cislo_popisne, evidencni_cislo) values (27, 6, 'Becker', '7', null);
insert into ulice (id_ulice, id_mesto, nazev, cislo_popisne, evidencni_cislo) values (28, 2, 'Mockingbird', '4', null);
insert into ulice (id_ulice, id_mesto, nazev, cislo_popisne, evidencni_cislo) values (29, 17, 'Dovetail', '567', null);
insert into ulice (id_ulice, id_mesto, nazev, cislo_popisne, evidencni_cislo) values (30, 2, 'John Wall', '630', null);
insert into ulice (id_ulice, id_mesto, nazev, cislo_popisne, evidencni_cislo) values (31, 12, 'Melody', '4585', null);
insert into ulice (id_ulice, id_mesto, nazev, cislo_popisne, evidencni_cislo) values (32, 9, 'Express', '08', null);
insert into ulice (id_ulice, id_mesto, nazev, cislo_popisne, evidencni_cislo) values (33, 12, 'Cottonwood', '4413', null);
insert into ulice (id_ulice, id_mesto, nazev, cislo_popisne, evidencni_cislo) values (34, 16, 'Claremont', '89905', null);
insert into ulice (id_ulice, id_mesto, nazev, cislo_popisne, evidencni_cislo) values (35, 12, 'Sloan', '3769', null);
insert into ulice (id_ulice, id_mesto, nazev, cislo_popisne, evidencni_cislo) values (36, 16, '2nd', null, 17);
insert into ulice (id_ulice, id_mesto, nazev, cislo_popisne, evidencni_cislo) values (37, 17, 'Brentwood', '4', null);
insert into ulice (id_ulice, id_mesto, nazev, cislo_popisne, evidencni_cislo) values (38, 18, 'Mitchell', '6214', null);
insert into ulice (id_ulice, id_mesto, nazev, cislo_popisne, evidencni_cislo) values (39, 4, 'Eliot', '7457', null);
insert into ulice (id_ulice, id_mesto, nazev, cislo_popisne, evidencni_cislo) values (40, 2, 'Forest Dale', null, 4);
insert into ulice (id_ulice, id_mesto, nazev, cislo_popisne, evidencni_cislo) values (41, 11, 'Nobel', null, 3);
insert into ulice (id_ulice, id_mesto, nazev, cislo_popisne, evidencni_cislo) values (42, 16, 'Manley', null, 4);
insert into ulice (id_ulice, id_mesto, nazev, cislo_popisne, evidencni_cislo) values (43, 19, 'Roxbury', '09', null);
insert into ulice (id_ulice, id_mesto, nazev, cislo_popisne, evidencni_cislo) values (44, 16, 'Briar Crest', '52', null);
insert into ulice (id_ulice, id_mesto, nazev, cislo_popisne, evidencni_cislo) values (45, 4, 'Hallows', '525', null);
insert into ulice (id_ulice, id_mesto, nazev, cislo_popisne, evidencni_cislo) values (46, 5, 'Towne', '6', null);
insert into ulice (id_ulice, id_mesto, nazev, cislo_popisne, evidencni_cislo) values (47, 17, 'Bonner', '28133', null);
insert into ulice (id_ulice, id_mesto, nazev, cislo_popisne, evidencni_cislo) values (48, 10, 'Scoville', '13577', null);
insert into ulice (id_ulice, id_mesto, nazev, cislo_popisne, evidencni_cislo) values (49, 8, 'Daystar', '2840', null);
insert into ulice (id_ulice, id_mesto, nazev, cislo_popisne, evidencni_cislo) values (50, 11, 'Columbus', '059', null);
insert into ulice (id_ulice, id_mesto, nazev, cislo_popisne, evidencni_cislo) values (51, 5, 'Vera', '9', null);
insert into ulice (id_ulice, id_mesto, nazev, cislo_popisne, evidencni_cislo) values (52, 13, 'Butterfield', '9247', null);
insert into ulice (id_ulice, id_mesto, nazev, cislo_popisne, evidencni_cislo) values (53, 16, 'Dixon', '42974', null);
insert into ulice (id_ulice, id_mesto, nazev, cislo_popisne, evidencni_cislo) values (54, 10, 'Meadow Ridge', '60597', null);
insert into ulice (id_ulice, id_mesto, nazev, cislo_popisne, evidencni_cislo) values (55, 5, 'Ryan', '1879', null);
insert into ulice (id_ulice, id_mesto, nazev, cislo_popisne, evidencni_cislo) values (56, 3, 'Orin', null, 24);
insert into ulice (id_ulice, id_mesto, nazev, cislo_popisne, evidencni_cislo) values (57, 5, 'Summerview', '71', null);
insert into ulice (id_ulice, id_mesto, nazev, cislo_popisne, evidencni_cislo) values (58, 13, 'Valley Edge', '42610', null);
insert into ulice (id_ulice, id_mesto, nazev, cislo_popisne, evidencni_cislo) values (59, 12, 'Prairie Rose', '13204', null);
insert into ulice (id_ulice, id_mesto, nazev, cislo_popisne, evidencni_cislo) values (60, 14, '1st', '043', null);
insert into ulice (id_ulice, id_mesto, nazev, cislo_popisne, evidencni_cislo) values (61, 9, 'Swallow', '33819', null);
insert into ulice (id_ulice, id_mesto, nazev, cislo_popisne, evidencni_cislo) values (62, 1, 'Meadow Valley', null, 24);
insert into ulice (id_ulice, id_mesto, nazev, cislo_popisne, evidencni_cislo) values (63, 5, 'Saint Paul', '5365', null);
insert into ulice (id_ulice, id_mesto, nazev, cislo_popisne, evidencni_cislo) values (64, 4, 'Morrow', '06292', null);
insert into ulice (id_ulice, id_mesto, nazev, cislo_popisne, evidencni_cislo) values (65, 13, 'Derek', null, 3);
insert into ulice (id_ulice, id_mesto, nazev, cislo_popisne, evidencni_cislo) values (66, 8, 'Summer Ridge', '325', null);
insert into ulice (id_ulice, id_mesto, nazev, cislo_popisne, evidencni_cislo) values (67, 16, 'Porter', '317', null);
insert into ulice (id_ulice, id_mesto, nazev, cislo_popisne, evidencni_cislo) values (68, 5, 'Thompson', '9', null);
insert into ulice (id_ulice, id_mesto, nazev, cislo_popisne, evidencni_cislo) values (69, 4, 'Sachtjen', '9836', null);
insert into ulice (id_ulice, id_mesto, nazev, cislo_popisne, evidencni_cislo) values (70, 11, 'Commercial', '6598', null);
insert into ulice (id_ulice, id_mesto, nazev, cislo_popisne, evidencni_cislo) values (71, 1, 'Linden', null, 15);
insert into ulice (id_ulice, id_mesto, nazev, cislo_popisne, evidencni_cislo) values (72, 3, 'Melby', null, 24);
insert into ulice (id_ulice, id_mesto, nazev, cislo_popisne, evidencni_cislo) values (73, 9, 'Burning Wood', '264', null);
insert into ulice (id_ulice, id_mesto, nazev, cislo_popisne, evidencni_cislo) values (74, 12, 'Bobwhite', '9235', null);
insert into ulice (id_ulice, id_mesto, nazev, cislo_popisne, evidencni_cislo) values (75, 11, 'Thierer', '55', null);
insert into ulice (id_ulice, id_mesto, nazev, cislo_popisne, evidencni_cislo) values (76, 10, '8th', null, 23);
insert into ulice (id_ulice, id_mesto, nazev, cislo_popisne, evidencni_cislo) values (77, 15, 'Independence', '4', null);
insert into ulice (id_ulice, id_mesto, nazev, cislo_popisne, evidencni_cislo) values (78, 4, 'Moose', '22', null);
insert into ulice (id_ulice, id_mesto, nazev, cislo_popisne, evidencni_cislo) values (79, 1, 'Parkside', '91411', null);
insert into ulice (id_ulice, id_mesto, nazev, cislo_popisne, evidencni_cislo) values (80, 5, 'Continental', '32271', null);
insert into ulice (id_ulice, id_mesto, nazev, cislo_popisne, evidencni_cislo) values (81, 3, 'Delaware', '05244', null);
insert into ulice (id_ulice, id_mesto, nazev, cislo_popisne, evidencni_cislo) values (82, 9, 'Surrey', '445', null);
insert into ulice (id_ulice, id_mesto, nazev, cislo_popisne, evidencni_cislo) values (83, 9, 'Dexter', '9005', null);
insert into ulice (id_ulice, id_mesto, nazev, cislo_popisne, evidencni_cislo) values (84, 10, 'Surrey', '45216', null);
insert into ulice (id_ulice, id_mesto, nazev, cislo_popisne, evidencni_cislo) values (85, 13, 'Hoard', '81189', null);
insert into ulice (id_ulice, id_mesto, nazev, cislo_popisne, evidencni_cislo) values (86, 2, 'Dapin', '3410', null);
insert into ulice (id_ulice, id_mesto, nazev, cislo_popisne, evidencni_cislo) values (87, 19, 'Farmco', '2046', null);
insert into ulice (id_ulice, id_mesto, nazev, cislo_popisne, evidencni_cislo) values (88, 5, 'Clove', '21568', null);
insert into ulice (id_ulice, id_mesto, nazev, cislo_popisne, evidencni_cislo) values (89, 18, 'Fieldstone', '22276', null);
insert into ulice (id_ulice, id_mesto, nazev, cislo_popisne, evidencni_cislo) values (90, 6, 'Starling', '257', null);
insert into ulice (id_ulice, id_mesto, nazev, cislo_popisne, evidencni_cislo) values (91, 16, 'Bashford', null, 14);
insert into ulice (id_ulice, id_mesto, nazev, cislo_popisne, evidencni_cislo) values (92, 7, 'Cascade', '66', null);
insert into ulice (id_ulice, id_mesto, nazev, cislo_popisne, evidencni_cislo) values (93, 7, 'Columbus', '86766', null);
insert into ulice (id_ulice, id_mesto, nazev, cislo_popisne, evidencni_cislo) values (94, 8, 'Blue Bill Park', null, 4);
insert into ulice (id_ulice, id_mesto, nazev, cislo_popisne, evidencni_cislo) values (95, 14, 'Troy', '9243', null);
insert into ulice (id_ulice, id_mesto, nazev, cislo_popisne, evidencni_cislo) values (96, 6, 'Ridgeway', '13', null);
insert into ulice (id_ulice, id_mesto, nazev, cislo_popisne, evidencni_cislo) values (97, 16, 'Dryden', '63040', null);
insert into ulice (id_ulice, id_mesto, nazev, cislo_popisne, evidencni_cislo) values (98, 11, 'Warner', '36', null);
insert into ulice (id_ulice, id_mesto, nazev, cislo_popisne, evidencni_cislo) values (99, 12, 'Kennedy', '45', null);
insert into ulice (id_ulice, id_mesto, nazev, cislo_popisne, evidencni_cislo) values (100, 4, 'Pierstorff', '39', null);
select setval(pg_get_serial_sequence('ulice','id_ulice'),100);

-- Typ
insert into typ (id_typ, typ) values (1, 'byt');
insert into typ (id_typ, typ) values (2, 'dum');
insert into typ (id_typ, typ) values (3, 'pozemek');
insert into typ (id_typ, typ) values (4, 'louka');
insert into typ (id_typ, typ) values (5, 'pole');
insert into typ (id_typ, typ) values (6, 'les');
insert into typ (id_typ, typ) values (7, 'rybnik');
insert into typ (id_typ, typ) values (8, 'chata');
insert into typ (id_typ, typ) values (9, 'chalupa');
insert into typ (id_typ, typ) values (10, 'bungalov');
insert into typ (id_typ, typ) values (11, 'panelak');
insert into typ (id_typ, typ) values (12, 'bytovka');
insert into typ (id_typ, typ) values (13, 'podkrovni byt');
insert into typ (id_typ, typ) values (14, 'vicegeneracni dum');
select setval(pg_get_serial_sequence('typ','id_typ'),14);

-- Nemovitost
insert into nemovitost (id_nemovitost, id_majitel, id_typ, id_ulice, ohodnoceni, velikost_v_m2)values (1, 10, 7, 85, 6781000, 267);
insert into nemovitost (id_nemovitost, id_majitel, id_typ, id_ulice, ohodnoceni, velikost_v_m2)values (2, 16, 7, 81, 7676000, 8670);
insert into nemovitost (id_nemovitost, id_majitel, id_typ, id_ulice, ohodnoceni, velikost_v_m2)values (3, 68, 10, 2, 1269000, 1430);
insert into nemovitost (id_nemovitost, id_majitel, id_typ, id_ulice, ohodnoceni, velikost_v_m2)values (4, 3, 11, 96, 1906999, 4258);
insert into nemovitost (id_nemovitost, id_majitel, id_typ, id_ulice, ohodnoceni, velikost_v_m2)values (5, 53, 14, 76, 8881000, 3745);
insert into nemovitost (id_nemovitost, id_majitel, id_typ, id_ulice, ohodnoceni, velikost_v_m2)values (6, 68, 14, 94, 3469000, 8575);
insert into nemovitost (id_nemovitost, id_majitel, id_typ, id_ulice, ohodnoceni, velikost_v_m2)values (7, 63, 10, 4, 2050000, 232);
insert into nemovitost (id_nemovitost, id_majitel, id_typ, id_ulice, ohodnoceni, velikost_v_m2)values (8, 63, 11, 13, 2774000, 814);
insert into nemovitost (id_nemovitost, id_majitel, id_typ, id_ulice, ohodnoceni, velikost_v_m2)values (9, 17, 1, 5, 7470000, 7252);
insert into nemovitost (id_nemovitost, id_majitel, id_typ, id_ulice, ohodnoceni, velikost_v_m2)values (10, 20, 1, 5, 6342000, 1913);
insert into nemovitost (id_nemovitost, id_majitel, id_typ, id_ulice, ohodnoceni, velikost_v_m2)values (11, 77, 9, 91, 3415000, 8106);
insert into nemovitost (id_nemovitost, id_majitel, id_typ, id_ulice, ohodnoceni, velikost_v_m2)values (12, 45, 3, 88, 5081000, 8113);
insert into nemovitost (id_nemovitost, id_majitel, id_typ, id_ulice, ohodnoceni, velikost_v_m2)values (13, 46, 10, 77, 4852000, 5977);
insert into nemovitost (id_nemovitost, id_majitel, id_typ, id_ulice, ohodnoceni, velikost_v_m2)values (14, 5, 4, 62, 3246000, 9051);
insert into nemovitost (id_nemovitost, id_majitel, id_typ, id_ulice, ohodnoceni, velikost_v_m2)values (15, 48, 7, 42, 2007000, 7560);
insert into nemovitost (id_nemovitost, id_majitel, id_typ, id_ulice, ohodnoceni, velikost_v_m2)values (16, 91, 12, 83, 6857000, 4932);
insert into nemovitost (id_nemovitost, id_majitel, id_typ, id_ulice, ohodnoceni, velikost_v_m2)values (17, 72, 9, 71, 5299000, 2255);
insert into nemovitost (id_nemovitost, id_majitel, id_typ, id_ulice, ohodnoceni, velikost_v_m2)values (18, 73, 6, 64, 6775000, 1248);
insert into nemovitost (id_nemovitost, id_majitel, id_typ, id_ulice, ohodnoceni, velikost_v_m2)values (19, 46, 10, 93, 2056000, 6683);
insert into nemovitost (id_nemovitost, id_majitel, id_typ, id_ulice, ohodnoceni, velikost_v_m2)values (20, 64, 11, 73, 1292000, 1107);
insert into nemovitost (id_nemovitost, id_majitel, id_typ, id_ulice, ohodnoceni, velikost_v_m2)values (21, 3, 2, 68, 1490000, 6807);
insert into nemovitost (id_nemovitost, id_majitel, id_typ, id_ulice, ohodnoceni, velikost_v_m2)values (22, 11, 1, 42, 21421000, 8852);
insert into nemovitost (id_nemovitost, id_majitel, id_typ, id_ulice, ohodnoceni, velikost_v_m2)values (23, 79, 9, 51, 1319000, 1650);
insert into nemovitost (id_nemovitost, id_majitel, id_typ, id_ulice, ohodnoceni, velikost_v_m2)values (24, 6, 11, 67, 4068000, 2565);
insert into nemovitost (id_nemovitost, id_majitel, id_typ, id_ulice, ohodnoceni, velikost_v_m2)values (25, 10, 10, 43, 7811000, 187);
insert into nemovitost (id_nemovitost, id_majitel, id_typ, id_ulice, ohodnoceni, velikost_v_m2)values (26, 87, 7, 89, 9245000, 9102);
insert into nemovitost (id_nemovitost, id_majitel, id_typ, id_ulice, ohodnoceni, velikost_v_m2)values (27, 71, 8, 71, 4757000, 2235);
insert into nemovitost (id_nemovitost, id_majitel, id_typ, id_ulice, ohodnoceni, velikost_v_m2)values (28, 59, 8, 16, 8365000, 8106);
insert into nemovitost (id_nemovitost, id_majitel, id_typ, id_ulice, ohodnoceni, velikost_v_m2)values (29, 2, 2, 7, 7764000, 6753);
insert into nemovitost (id_nemovitost, id_majitel, id_typ, id_ulice, ohodnoceni, velikost_v_m2)values (30, 39, 4, 9, 1123000, 937);
insert into nemovitost (id_nemovitost, id_majitel, id_typ, id_ulice, ohodnoceni, velikost_v_m2)values (31, 99, 3, 27, 4245000, 5048);
insert into nemovitost (id_nemovitost, id_majitel, id_typ, id_ulice, ohodnoceni, velikost_v_m2)values (32, 47, 7, 77, 1279000, 4465);
insert into nemovitost (id_nemovitost, id_majitel, id_typ, id_ulice, ohodnoceni, velikost_v_m2)values (33, 22, 10, 72, 7135000, 8983);
insert into nemovitost (id_nemovitost, id_majitel, id_typ, id_ulice, ohodnoceni, velikost_v_m2)values (34, 5, 13, 98, 4100000, 2650);
insert into nemovitost (id_nemovitost, id_majitel, id_typ, id_ulice, ohodnoceni, velikost_v_m2)values (35, 7, 3, 85, 8024000, 3703);
insert into nemovitost (id_nemovitost, id_majitel, id_typ, id_ulice, ohodnoceni, velikost_v_m2)values (36, 73, 13, 87, 7684000, 407);
insert into nemovitost (id_nemovitost, id_majitel, id_typ, id_ulice, ohodnoceni, velikost_v_m2)values (37, 84, 3, 12, 8391000, 1527);
insert into nemovitost (id_nemovitost, id_majitel, id_typ, id_ulice, ohodnoceni, velikost_v_m2)values (38, 90, 3, 61, 9381000, 4546);
insert into nemovitost (id_nemovitost, id_majitel, id_typ, id_ulice, ohodnoceni, velikost_v_m2)values (39, 59, 11, 67, 1421000, 2817);
insert into nemovitost (id_nemovitost, id_majitel, id_typ, id_ulice, ohodnoceni, velikost_v_m2)values (40, 60, 9, 75, 8880000, 7872);
insert into nemovitost (id_nemovitost, id_majitel, id_typ, id_ulice, ohodnoceni, velikost_v_m2)values (41, 76, 1, 2, 8673000, 8809);
insert into nemovitost (id_nemovitost, id_majitel, id_typ, id_ulice, ohodnoceni, velikost_v_m2)values (42, 16, 2, 23, 3147000, 6121);
insert into nemovitost (id_nemovitost, id_majitel, id_typ, id_ulice, ohodnoceni, velikost_v_m2)values (43, 50, 11, 76, 6203000, 8713);
insert into nemovitost (id_nemovitost, id_majitel, id_typ, id_ulice, ohodnoceni, velikost_v_m2)values (44, 9, 2, 87, 2084000, 3709);
insert into nemovitost (id_nemovitost, id_majitel, id_typ, id_ulice, ohodnoceni, velikost_v_m2)values (45, 74, 11, 6, 7062000, 4535);
insert into nemovitost (id_nemovitost, id_majitel, id_typ, id_ulice, ohodnoceni, velikost_v_m2)values (46, 21, 4, 6, 7825000, 1761);
insert into nemovitost (id_nemovitost, id_majitel, id_typ, id_ulice, ohodnoceni, velikost_v_m2)values (47, 74, 11, 20, 9340000, 3476);
insert into nemovitost (id_nemovitost, id_majitel, id_typ, id_ulice, ohodnoceni, velikost_v_m2)values (48, 51, 8, 99, 2808000, 8568);
insert into nemovitost (id_nemovitost, id_majitel, id_typ, id_ulice, ohodnoceni, velikost_v_m2)values (49, 15, 3, 51, 1560000, 6214);
insert into nemovitost (id_nemovitost, id_majitel, id_typ, id_ulice, ohodnoceni, velikost_v_m2)values (50, 69, 13, 60, 7187000, 9665);
insert into nemovitost (id_nemovitost, id_majitel, id_typ, id_ulice, ohodnoceni, velikost_v_m2)values (51, 10, 9, 88, 5612000, 2143);
insert into nemovitost (id_nemovitost, id_majitel, id_typ, id_ulice, ohodnoceni, velikost_v_m2)values (52, 24, 12, 66, 1331000, 9610);
insert into nemovitost (id_nemovitost, id_majitel, id_typ, id_ulice, ohodnoceni, velikost_v_m2)values (53, 17, 14, 72, 5528000, 6819);
insert into nemovitost (id_nemovitost, id_majitel, id_typ, id_ulice, ohodnoceni, velikost_v_m2)values (54, 99, 14, 61, 6747000, 690);
insert into nemovitost (id_nemovitost, id_majitel, id_typ, id_ulice, ohodnoceni, velikost_v_m2)values (55, 30, 5, 30, 8219000, 9271);
insert into nemovitost (id_nemovitost, id_majitel, id_typ, id_ulice, ohodnoceni, velikost_v_m2)values (56, 69, 11, 73, 3193000, 7673);
insert into nemovitost (id_nemovitost, id_majitel, id_typ, id_ulice, ohodnoceni, velikost_v_m2)values (57, 79, 13, 35, 6180000, 9874);
insert into nemovitost (id_nemovitost, id_majitel, id_typ, id_ulice, ohodnoceni, velikost_v_m2)values (58, 67, 4, 97, 7160000, 8370);
insert into nemovitost (id_nemovitost, id_majitel, id_typ, id_ulice, ohodnoceni, velikost_v_m2)values (59, 17, 8, 79, 9548000, 493);
insert into nemovitost (id_nemovitost, id_majitel, id_typ, id_ulice, ohodnoceni, velikost_v_m2)values (60, 55, 14, 30, 1329000, 3184);
insert into nemovitost (id_nemovitost, id_majitel, id_typ, id_ulice, ohodnoceni, velikost_v_m2)values (61, 16, 11, 2, 3694000, 887);
insert into nemovitost (id_nemovitost, id_majitel, id_typ, id_ulice, ohodnoceni, velikost_v_m2)values (62, 76, 4, 28, 4935000, 2697);
insert into nemovitost (id_nemovitost, id_majitel, id_typ, id_ulice, ohodnoceni, velikost_v_m2)values (63, 85, 9, 2, 8633000, 1577);
insert into nemovitost (id_nemovitost, id_majitel, id_typ, id_ulice, ohodnoceni, velikost_v_m2)values (64, 56, 9, 66, 6245000, 6789);
insert into nemovitost (id_nemovitost, id_majitel, id_typ, id_ulice, ohodnoceni, velikost_v_m2)values (65, 39, 3, 62, 8477000, 5769);
insert into nemovitost (id_nemovitost, id_majitel, id_typ, id_ulice, ohodnoceni, velikost_v_m2)values (66, 34, 6, 73, 4098000, 6847);
insert into nemovitost (id_nemovitost, id_majitel, id_typ, id_ulice, ohodnoceni, velikost_v_m2)values (67, 86, 14, 11, 9021000, 8627);
insert into nemovitost (id_nemovitost, id_majitel, id_typ, id_ulice, ohodnoceni, velikost_v_m2)values (68, 41, 8, 64, 1541000, 1863);
insert into nemovitost (id_nemovitost, id_majitel, id_typ, id_ulice, ohodnoceni, velikost_v_m2)values (69, 96, 14, 75, 3411000, 857);
insert into nemovitost (id_nemovitost, id_majitel, id_typ, id_ulice, ohodnoceni, velikost_v_m2)values (70, 48, 2, 82, 9419000, 676);
insert into nemovitost (id_nemovitost, id_majitel, id_typ, id_ulice, ohodnoceni, velikost_v_m2)values (71, 90, 11, 36, 1045000, 6035);
insert into nemovitost (id_nemovitost, id_majitel, id_typ, id_ulice, ohodnoceni, velikost_v_m2)values (72, 97, 9, 31, 6865000, 1736);
insert into nemovitost (id_nemovitost, id_majitel, id_typ, id_ulice, ohodnoceni, velikost_v_m2)values (73, 62, 9, 50, 1232000, 8698);
insert into nemovitost (id_nemovitost, id_majitel, id_typ, id_ulice, ohodnoceni, velikost_v_m2)values (74, 34, 12, 36, 3902000, 7365);
insert into nemovitost (id_nemovitost, id_majitel, id_typ, id_ulice, ohodnoceni, velikost_v_m2)values (75, 97, 11, 12, 8995000, 8457);
insert into nemovitost (id_nemovitost, id_majitel, id_typ, id_ulice, ohodnoceni, velikost_v_m2)values (76, 77, 13, 16, 7664000, 7924);
insert into nemovitost (id_nemovitost, id_majitel, id_typ, id_ulice, ohodnoceni, velikost_v_m2)values (77, 100, 12, 3, 5359800, 8101);
insert into nemovitost (id_nemovitost, id_majitel, id_typ, id_ulice, ohodnoceni, velikost_v_m2)values (78, 90, 1, 79, 5447000, 1109);
insert into nemovitost (id_nemovitost, id_majitel, id_typ, id_ulice, ohodnoceni, velikost_v_m2)values (79, 53, 13, 73, 2070000, 63);
insert into nemovitost (id_nemovitost, id_majitel, id_typ, id_ulice, ohodnoceni, velikost_v_m2)values (80, 61, 10, 97, 1845000, 7310);
insert into nemovitost (id_nemovitost, id_majitel, id_typ, id_ulice, ohodnoceni, velikost_v_m2)values (81, 82, 6, 62, 5900000, 1954);
insert into nemovitost (id_nemovitost, id_majitel, id_typ, id_ulice, ohodnoceni, velikost_v_m2)values (82, 65, 4, 91, 4965000, 70);
insert into nemovitost (id_nemovitost, id_majitel, id_typ, id_ulice, ohodnoceni, velikost_v_m2)values (83, 93, 8, 80, 2757000, 4118);
insert into nemovitost (id_nemovitost, id_majitel, id_typ, id_ulice, ohodnoceni, velikost_v_m2)values (84, 82, 2, 42, 1650000, 7535);
insert into nemovitost (id_nemovitost, id_majitel, id_typ, id_ulice, ohodnoceni, velikost_v_m2)values (85, 42, 7, 3, 3680000, 3301);
insert into nemovitost (id_nemovitost, id_majitel, id_typ, id_ulice, ohodnoceni, velikost_v_m2)values (86, 82, 1, 31, 2080000, 6342);
insert into nemovitost (id_nemovitost, id_majitel, id_typ, id_ulice, ohodnoceni, velikost_v_m2)values (87, 80, 4, 50, 8009000, 5661);
insert into nemovitost (id_nemovitost, id_majitel, id_typ, id_ulice, ohodnoceni, velikost_v_m2)values (88, 83, 9, 1, 2335000, 1442);
insert into nemovitost (id_nemovitost, id_majitel, id_typ, id_ulice, ohodnoceni, velikost_v_m2)values (89, 76, 8, 97, 6000000, 6789);
insert into nemovitost (id_nemovitost, id_majitel, id_typ, id_ulice, ohodnoceni, velikost_v_m2)values (90, 86, 13, 84, 7650000, 2523);
insert into nemovitost (id_nemovitost, id_majitel, id_typ, id_ulice, ohodnoceni, velikost_v_m2)values (91, 80, 10, 21, 2350000, 5136);
insert into nemovitost (id_nemovitost, id_majitel, id_typ, id_ulice, ohodnoceni, velikost_v_m2)values (92, 16, 9, 60, 7000000, 5344);
insert into nemovitost (id_nemovitost, id_majitel, id_typ, id_ulice, ohodnoceni, velikost_v_m2)values (93, 63, 4, 90, 5400000, 8863);
insert into nemovitost (id_nemovitost, id_majitel, id_typ, id_ulice, ohodnoceni, velikost_v_m2)values (94, 3, 8, 77, 5965000, 2535);
insert into nemovitost (id_nemovitost, id_majitel, id_typ, id_ulice, ohodnoceni, velikost_v_m2)values (95, 28, 1, 32, 8140000, 1392);
insert into nemovitost (id_nemovitost, id_majitel, id_typ, id_ulice, ohodnoceni, velikost_v_m2)values (96, 40, 14, 53, 6827000, 1946);
insert into nemovitost (id_nemovitost, id_majitel, id_typ, id_ulice, ohodnoceni, velikost_v_m2)values (97, 13, 5, 9, 6204000, 2183);
insert into nemovitost (id_nemovitost, id_majitel, id_typ, id_ulice, ohodnoceni, velikost_v_m2)values (98, 97, 13, 5, 9527000, 5433);
insert into nemovitost (id_nemovitost, id_majitel, id_typ, id_ulice, ohodnoceni, velikost_v_m2)values (99, 55, 13, 91, 9000000, 8103);
insert into nemovitost (id_nemovitost, id_majitel, id_typ, id_ulice, ohodnoceni, velikost_v_m2)values (100, 80, 12, 42, 3500000, 2685);
insert into nemovitost (id_nemovitost, id_majitel, id_typ, id_ulice, ohodnoceni, velikost_v_m2)values (101, 97, 12, 42, 3750000, 3000);
select setval(pg_get_serial_sequence('nemovitost','id_nemovitost'),101);


-- Byt
-- select * from nemovitost where id_typ in (1, 11, 12)
-- typ = byt
-- select * from nemovitost where id_typ = 1;
insert into byt (id_nemovitost, podlazi, pocet_pokoju) values (7, 4, 3);
insert into byt (id_nemovitost, podlazi, pocet_pokoju) values (16, 7, 3);
insert into byt (id_nemovitost, podlazi, pocet_pokoju) values (26, 7, 8);
insert into byt (id_nemovitost, podlazi, pocet_pokoju) values (33, 14, 4);
insert into byt (id_nemovitost, podlazi, pocet_pokoju) values (47, 10, 5);
insert into byt (id_nemovitost, podlazi, pocet_pokoju) values (84, 12, 5);
insert into byt (id_nemovitost, podlazi, pocet_pokoju) values (86, 15, 2);
insert into byt (id_nemovitost, podlazi, pocet_pokoju) values (89, 5, 5);
insert into byt (id_nemovitost, podlazi, pocet_pokoju) values (101, 6, 15);
-- typ = panelak
-- select * from nemovitost where id_typ = 11;
insert into byt (id_nemovitost, podlazi, pocet_pokoju) values (6, 1, 6);
insert into byt (id_nemovitost, podlazi, pocet_pokoju) values (35, 12, 8);
insert into byt (id_nemovitost, podlazi, pocet_pokoju) values (41, 15, 8);
insert into byt (id_nemovitost, podlazi, pocet_pokoju) values (55, 7, 7);
insert into byt (id_nemovitost, podlazi, pocet_pokoju) values (60, 8, 4);
insert into byt (id_nemovitost, podlazi, pocet_pokoju) values (71, 5, 2);
insert into byt (id_nemovitost, podlazi, pocet_pokoju) values (91, 15, 8);
-- typ = bytovka
-- select * from nemovitost where id_typ = 12;
insert into byt (id_nemovitost, podlazi, pocet_pokoju) values (1, 4, 1);
insert into byt (id_nemovitost, podlazi, pocet_pokoju) values (12, 12, 1);
insert into byt (id_nemovitost, podlazi, pocet_pokoju) values (24, 4, 8);
insert into byt (id_nemovitost, podlazi, pocet_pokoju) values (45, 9, 2);
insert into byt (id_nemovitost, podlazi, pocet_pokoju) values (49, 9, 5);
-- typ = podkrovni byt
-- select * from nemovitost where id_typ = 13;
insert into byt (id_nemovitost, podlazi, pocet_pokoju) values (14, 1, 1);
insert into byt (id_nemovitost, podlazi, pocet_pokoju) values (19, 13, 6);
insert into byt (id_nemovitost, podlazi, pocet_pokoju) values (20, 9, 1);
insert into byt (id_nemovitost, podlazi, pocet_pokoju) values (27, 3, 2);
insert into byt (id_nemovitost, podlazi, pocet_pokoju) values (39, 3, 8);
insert into byt (id_nemovitost, podlazi, pocet_pokoju) values (40, 7, 7);
insert into byt (id_nemovitost, podlazi, pocet_pokoju) values (46, 14, 2);
insert into byt (id_nemovitost, podlazi, pocet_pokoju) values (67, 6, 2);
insert into byt (id_nemovitost, podlazi, pocet_pokoju) values (68, 11, 7);

-- pozemek
-- insert into pozemek select id_nemovitost from nemovitost where id_typ in (3, 4, 5, 6, 7)

insert into pozemek (id_nemovitost) values (12);
insert into pozemek (id_nemovitost) values (31);
insert into pozemek (id_nemovitost) values (35);
insert into pozemek (id_nemovitost) values (37);
insert into pozemek (id_nemovitost) values (38);
insert into pozemek (id_nemovitost) values (49);
insert into pozemek (id_nemovitost) values (65);
insert into pozemek (id_nemovitost) values (14);
insert into pozemek (id_nemovitost) values (30);
insert into pozemek (id_nemovitost) values (46);
insert into pozemek (id_nemovitost) values (58);
insert into pozemek (id_nemovitost) values (62);
insert into pozemek (id_nemovitost) values (82);
insert into pozemek (id_nemovitost) values (87);
insert into pozemek (id_nemovitost) values (93);
insert into pozemek (id_nemovitost) values (55);
insert into pozemek (id_nemovitost) values (97);
insert into pozemek (id_nemovitost) values (18);
insert into pozemek (id_nemovitost) values (66);
insert into pozemek (id_nemovitost) values (81);
insert into pozemek (id_nemovitost) values (1);
insert into pozemek (id_nemovitost) values (2);
insert into pozemek (id_nemovitost) values (15);
insert into pozemek (id_nemovitost) values (26);
insert into pozemek (id_nemovitost) values (32);
insert into pozemek (id_nemovitost) values (85);

-- dum
-- select * from nemovitost where id_typ = 2 or id_typ = 8 or id_typ = 9 or id_typ = 10 or id_typ = 14;
insert into dum (id_nemovitost, pocet_podlazi, pocet_pokoju, velikost_zahrady, velikost_zastavene_plochy) values (3, 1, 4, 703, 247);
insert into dum (id_nemovitost, pocet_podlazi, pocet_pokoju, velikost_zahrady, velikost_zastavene_plochy) values (5, 4, 5, 1277, 213);
insert into dum (id_nemovitost, pocet_podlazi, pocet_pokoju, velikost_zahrady, velikost_zastavene_plochy) values (6, 2, 5, 505, 118);
insert into dum (id_nemovitost, pocet_podlazi, pocet_pokoju, velikost_zahrady, velikost_zastavene_plochy) values (7, 3, 5, 1745, 287);
insert into dum (id_nemovitost, pocet_podlazi, pocet_pokoju, velikost_zahrady, velikost_zastavene_plochy) values (11, 3, 8, 1278, 210);
insert into dum (id_nemovitost, pocet_podlazi, pocet_pokoju, velikost_zahrady, velikost_zastavene_plochy) values (13, 5, 8, 696, 138);
insert into dum (id_nemovitost, pocet_podlazi, pocet_pokoju, velikost_zahrady, velikost_zastavene_plochy) values (17, 2, 6, 1877, 154);
insert into dum (id_nemovitost, pocet_podlazi, pocet_pokoju, velikost_zahrady, velikost_zastavene_plochy) values (19, 2, 4, 861, 180);
insert into dum (id_nemovitost, pocet_podlazi, pocet_pokoju, velikost_zahrady, velikost_zastavene_plochy) values (21, 4, 6, 1031, 276);
insert into dum (id_nemovitost, pocet_podlazi, pocet_pokoju, velikost_zahrady, velikost_zastavene_plochy) values (23, 2, 5, 1032, 170);
insert into dum (id_nemovitost, pocet_podlazi, pocet_pokoju, velikost_zahrady, velikost_zastavene_plochy) values (25, 3, 7, 632, 204);
insert into dum (id_nemovitost, pocet_podlazi, pocet_pokoju, velikost_zahrady, velikost_zastavene_plochy) values (27, 2, 7, 1452, 144);
insert into dum (id_nemovitost, pocet_podlazi, pocet_pokoju, velikost_zahrady, velikost_zastavene_plochy) values (28, 3, 8, 1802, 148);
insert into dum (id_nemovitost, pocet_podlazi, pocet_pokoju, velikost_zahrady, velikost_zastavene_plochy) values (29, 3, 6, 1652, 336);
insert into dum (id_nemovitost, pocet_podlazi, pocet_pokoju, velikost_zahrady, velikost_zastavene_plochy) values (33, 1, 5, 1208, 201);
insert into dum (id_nemovitost, pocet_podlazi, pocet_pokoju, velikost_zahrady, velikost_zastavene_plochy) values (40, 5, 4, 1569, 124);
insert into dum (id_nemovitost, pocet_podlazi, pocet_pokoju, velikost_zahrady, velikost_zastavene_plochy) values (42, 3, 4, 1675, 283);
insert into dum (id_nemovitost, pocet_podlazi, pocet_pokoju, velikost_zahrady, velikost_zastavene_plochy) values (44, 2, 6, 793, 335);
insert into dum (id_nemovitost, pocet_podlazi, pocet_pokoju, velikost_zahrady, velikost_zastavene_plochy) values (48, 4, 6, 919, 311);
insert into dum (id_nemovitost, pocet_podlazi, pocet_pokoju, velikost_zahrady, velikost_zastavene_plochy) values (51, 2, 8, 450, 180);
insert into dum (id_nemovitost, pocet_podlazi, pocet_pokoju, velikost_zahrady, velikost_zastavene_plochy) values (53, 2, 5, 635, 222);
insert into dum (id_nemovitost, pocet_podlazi, pocet_pokoju, velikost_zahrady, velikost_zastavene_plochy) values (54, 1, 6, 1840, 263);
insert into dum (id_nemovitost, pocet_podlazi, pocet_pokoju, velikost_zahrady, velikost_zastavene_plochy) values (59, 5, 8, 856, 105);
insert into dum (id_nemovitost, pocet_podlazi, pocet_pokoju, velikost_zahrady, velikost_zastavene_plochy) values (60, 5, 8, 1448, 262);
insert into dum (id_nemovitost, pocet_podlazi, pocet_pokoju, velikost_zahrady, velikost_zastavene_plochy) values (63, 2, 5, 286, 305);
insert into dum (id_nemovitost, pocet_podlazi, pocet_pokoju, velikost_zahrady, velikost_zastavene_plochy) values (64, 4, 4, 935, 236);
insert into dum (id_nemovitost, pocet_podlazi, pocet_pokoju, velikost_zahrady, velikost_zastavene_plochy) values (67, 2, 5, 455, 184);
insert into dum (id_nemovitost, pocet_podlazi, pocet_pokoju, velikost_zahrady, velikost_zastavene_plochy) values (68, 5, 7, 669, 106);
insert into dum (id_nemovitost, pocet_podlazi, pocet_pokoju, velikost_zahrady, velikost_zastavene_plochy) values (69, 4, 5, 1249, 178);
insert into dum (id_nemovitost, pocet_podlazi, pocet_pokoju, velikost_zahrady, velikost_zastavene_plochy) values (70, 2, 8, 560, 316);
insert into dum (id_nemovitost, pocet_podlazi, pocet_pokoju, velikost_zahrady, velikost_zastavene_plochy) values (72, 1, 4, 665, 103);
insert into dum (id_nemovitost, pocet_podlazi, pocet_pokoju, velikost_zahrady, velikost_zastavene_plochy) values (73, 5, 5, 1839, 280);
insert into dum (id_nemovitost, pocet_podlazi, pocet_pokoju, velikost_zahrady, velikost_zastavene_plochy) values (80, 2, 8, 890, 235);
insert into dum (id_nemovitost, pocet_podlazi, pocet_pokoju, velikost_zahrady, velikost_zastavene_plochy) values (83, 2, 6, 790, 280);
insert into dum (id_nemovitost, pocet_podlazi, pocet_pokoju, velikost_zahrady, velikost_zastavene_plochy) values (84, 5, 4, 1769, 285);
insert into dum (id_nemovitost, pocet_podlazi, pocet_pokoju, velikost_zahrady, velikost_zastavene_plochy) values (88, 3, 7, 1889, 124);
insert into dum (id_nemovitost, pocet_podlazi, pocet_pokoju, velikost_zahrady, velikost_zastavene_plochy) values (89, 4, 8, 1853, 114);
insert into dum (id_nemovitost, pocet_podlazi, pocet_pokoju, velikost_zahrady, velikost_zastavene_plochy) values (91, 4, 7, 1859, 137);
insert into dum (id_nemovitost, pocet_podlazi, pocet_pokoju, velikost_zahrady, velikost_zastavene_plochy) values (92, 1, 5, 999, 298);
insert into dum (id_nemovitost, pocet_podlazi, pocet_pokoju, velikost_zahrady, velikost_zastavene_plochy) values (94, 4, 7, 107, 263);
insert into dum (id_nemovitost, pocet_podlazi, pocet_pokoju, velikost_zahrady, velikost_zastavene_plochy) values (96, 2, 7, 1892, 217);

-- Inzerce
insert into inzerce (id_inzerce, id_makler, id_nemovitost) values (1, 11, 56);
insert into inzerce (id_inzerce, id_makler, id_nemovitost) values (2, 14, 16);
insert into inzerce (id_inzerce, id_makler, id_nemovitost) values (3, 2, 67);
insert into inzerce (id_inzerce, id_makler, id_nemovitost) values (4, 15, 43);
insert into inzerce (id_inzerce, id_makler, id_nemovitost) values (5, 2, 17);
insert into inzerce (id_inzerce, id_makler, id_nemovitost) values (6, 7, 44);
insert into inzerce (id_inzerce, id_makler, id_nemovitost) values (7, 19, 44);
insert into inzerce (id_inzerce, id_makler, id_nemovitost) values (8, 12, 93);
insert into inzerce (id_inzerce, id_makler, id_nemovitost) values (9, 16, 76);
insert into inzerce (id_inzerce, id_makler, id_nemovitost) values (10, 8, 55);
insert into inzerce (id_inzerce, id_makler, id_nemovitost) values (11, 7, 3);
insert into inzerce (id_inzerce, id_makler, id_nemovitost) values (12, 15, 6);
insert into inzerce (id_inzerce, id_makler, id_nemovitost) values (13, 12, 52);
insert into inzerce (id_inzerce, id_makler, id_nemovitost) values (14, 20, 42);
insert into inzerce (id_inzerce, id_makler, id_nemovitost) values (15, 8, 31);
insert into inzerce (id_inzerce, id_makler, id_nemovitost) values (16, 2, 23);
insert into inzerce (id_inzerce, id_makler, id_nemovitost) values (17, 14, 11);
insert into inzerce (id_inzerce, id_makler, id_nemovitost) values (18, 11, 62);
insert into inzerce (id_inzerce, id_makler, id_nemovitost) values (19, 17, 52);
insert into inzerce (id_inzerce, id_makler, id_nemovitost) values (20, 15, 54);
insert into inzerce (id_inzerce, id_makler, id_nemovitost) values (21, 13, 99);
insert into inzerce (id_inzerce, id_makler, id_nemovitost) values (22, 12, 90);
insert into inzerce (id_inzerce, id_makler, id_nemovitost) values (23, 5, 88);
insert into inzerce (id_inzerce, id_makler, id_nemovitost) values (24, 7, 22);
insert into inzerce (id_inzerce, id_makler, id_nemovitost) values (25, 11, 26);
insert into inzerce (id_inzerce, id_makler, id_nemovitost) values (26, 15, 90);
insert into inzerce (id_inzerce, id_makler, id_nemovitost) values (27, 6, 94);
insert into inzerce (id_inzerce, id_makler, id_nemovitost) values (28, 14, 9);
insert into inzerce (id_inzerce, id_makler, id_nemovitost) values (29, 4, 53);
insert into inzerce (id_inzerce, id_makler, id_nemovitost) values (30, 20, 6);
insert into inzerce (id_inzerce, id_makler, id_nemovitost) values (31, 14, 10);
insert into inzerce (id_inzerce, id_makler, id_nemovitost) values (32, 1, 44);
insert into inzerce (id_inzerce, id_makler, id_nemovitost) values (33, 7, 85);
insert into inzerce (id_inzerce, id_makler, id_nemovitost) values (34, 12, 23);
insert into inzerce (id_inzerce, id_makler, id_nemovitost) values (35, 16, 72);
insert into inzerce (id_inzerce, id_makler, id_nemovitost) values (36, 5, 58);
insert into inzerce (id_inzerce, id_makler, id_nemovitost) values (37, 17, 12);
insert into inzerce (id_inzerce, id_makler, id_nemovitost) values (38, 13, 72);
insert into inzerce (id_inzerce, id_makler, id_nemovitost) values (39, 10, 39);
insert into inzerce (id_inzerce, id_makler, id_nemovitost) values (40, 9, 64);
insert into inzerce (id_inzerce, id_makler, id_nemovitost) values (41, 8, 56);
insert into inzerce (id_inzerce, id_makler, id_nemovitost) values (42, 11, 83);
insert into inzerce (id_inzerce, id_makler, id_nemovitost) values (43, 7, 23);
insert into inzerce (id_inzerce, id_makler, id_nemovitost) values (44, 6, 89);
insert into inzerce (id_inzerce, id_makler, id_nemovitost) values (45, 18, 53);
insert into inzerce (id_inzerce, id_makler, id_nemovitost) values (46, 8, 68);
insert into inzerce (id_inzerce, id_makler, id_nemovitost) values (47, 14, 71);
insert into inzerce (id_inzerce, id_makler, id_nemovitost) values (48, 15, 6);
insert into inzerce (id_inzerce, id_makler, id_nemovitost) values (49, 16, 15);
insert into inzerce (id_inzerce, id_makler, id_nemovitost) values (50, 6, 7);
insert into inzerce (id_inzerce, id_makler, id_nemovitost) values (51, 5, 66);
insert into inzerce (id_inzerce, id_makler, id_nemovitost) values (52, 4, 66);
insert into inzerce (id_inzerce, id_makler, id_nemovitost) values (53, 7, 31);
insert into inzerce (id_inzerce, id_makler, id_nemovitost) values (54, 2, 29);
insert into inzerce (id_inzerce, id_makler, id_nemovitost) values (55, 4, 38);
insert into inzerce (id_inzerce, id_makler, id_nemovitost) values (56, 8, 70);
insert into inzerce (id_inzerce, id_makler, id_nemovitost) values (57, 6, 18);
insert into inzerce (id_inzerce, id_makler, id_nemovitost) values (58, 15, 22);
insert into inzerce (id_inzerce, id_makler, id_nemovitost) values (59, 19, 65);
insert into inzerce (id_inzerce, id_makler, id_nemovitost) values (60, 18, 55);
insert into inzerce (id_inzerce, id_makler, id_nemovitost) values (61, 18, 37);
insert into inzerce (id_inzerce, id_makler, id_nemovitost) values (62, 2, 45);
insert into inzerce (id_inzerce, id_makler, id_nemovitost) values (63, 21, 98);
insert into inzerce (id_inzerce, id_makler, id_nemovitost) values (64, 16, 11);
insert into inzerce (id_inzerce, id_makler, id_nemovitost) values (65, 14, 24);
insert into inzerce (id_inzerce, id_makler, id_nemovitost) values (66, 3, 67);
insert into inzerce (id_inzerce, id_makler, id_nemovitost) values (67, 1, 32);
insert into inzerce (id_inzerce, id_makler, id_nemovitost) values (68, 10, 36);
insert into inzerce (id_inzerce, id_makler, id_nemovitost) values (69, 14, 96);
insert into inzerce (id_inzerce, id_makler, id_nemovitost) values (70, 17, 43);
insert into inzerce (id_inzerce, id_makler, id_nemovitost) values (71, 1, 98);
insert into inzerce (id_inzerce, id_makler, id_nemovitost) values (72, 15, 41);
insert into inzerce (id_inzerce, id_makler, id_nemovitost) values (73, 3, 29);
insert into inzerce (id_inzerce, id_makler, id_nemovitost) values (74, 17, 49);
insert into inzerce (id_inzerce, id_makler, id_nemovitost) values (75, 11, 10);
insert into inzerce (id_inzerce, id_makler, id_nemovitost) values (76, 11, 44);
insert into inzerce (id_inzerce, id_makler, id_nemovitost) values (77, 13, 72);
insert into inzerce (id_inzerce, id_makler, id_nemovitost) values (78, 20, 2);
insert into inzerce (id_inzerce, id_makler, id_nemovitost) values (79, 16, 33);
insert into inzerce (id_inzerce, id_makler, id_nemovitost) values (80, 13, 89);
insert into inzerce (id_inzerce, id_makler, id_nemovitost) values (81, 6, 91);
insert into inzerce (id_inzerce, id_makler, id_nemovitost) values (82, 6, 42);
insert into inzerce (id_inzerce, id_makler, id_nemovitost) values (83, 13, 80);
insert into inzerce (id_inzerce, id_makler, id_nemovitost) values (84, 19, 29);
insert into inzerce (id_inzerce, id_makler, id_nemovitost) values (85, 20, 47);
insert into inzerce (id_inzerce, id_makler, id_nemovitost) values (86, 8, 38);
insert into inzerce (id_inzerce, id_makler, id_nemovitost) values (87, 16, 83);
insert into inzerce (id_inzerce, id_makler, id_nemovitost) values (88, 12, 54);
insert into inzerce (id_inzerce, id_makler, id_nemovitost) values (89, 21, 98);
insert into inzerce (id_inzerce, id_makler, id_nemovitost) values (90, 8, 11);
insert into inzerce (id_inzerce, id_makler, id_nemovitost) values (91, 17, 98);
insert into inzerce (id_inzerce, id_makler, id_nemovitost) values (92, 4, 50);
insert into inzerce (id_inzerce, id_makler, id_nemovitost) values (93, 19, 94);
insert into inzerce (id_inzerce, id_makler, id_nemovitost) values (94, 9, 34);
insert into inzerce (id_inzerce, id_makler, id_nemovitost) values (95, 17, 90);
insert into inzerce (id_inzerce, id_makler, id_nemovitost) values (96, 18, 22);
insert into inzerce (id_inzerce, id_makler, id_nemovitost) values (97, 9, 79);
insert into inzerce (id_inzerce, id_makler, id_nemovitost) values (98, 12, 27);
insert into inzerce (id_inzerce, id_makler, id_nemovitost) values (99, 21, 99);
insert into inzerce (id_inzerce, id_makler, id_nemovitost) values (100, 21, 100);
insert into inzerce (id_inzerce, id_makler, id_nemovitost) values (101, 1, 101);
insert into inzerce (id_inzerce, id_makler, id_nemovitost) values (102, 2, 101);
insert into inzerce (id_inzerce, id_makler, id_nemovitost) values (103, 3, 101);
insert into inzerce (id_inzerce, id_makler, id_nemovitost) values (104, 4, 101);
insert into inzerce (id_inzerce, id_makler, id_nemovitost) values (105, 5, 101);
insert into inzerce (id_inzerce, id_makler, id_nemovitost) values (106, 6, 101);
insert into inzerce (id_inzerce, id_makler, id_nemovitost) values (107, 7, 101);
insert into inzerce (id_inzerce, id_makler, id_nemovitost) values (108, 8, 101);
insert into inzerce (id_inzerce, id_makler, id_nemovitost) values (109, 9, 101);
insert into inzerce (id_inzerce, id_makler, id_nemovitost) values (110, 10, 101);
insert into inzerce (id_inzerce, id_makler, id_nemovitost) values (111, 11, 101);
insert into inzerce (id_inzerce, id_makler, id_nemovitost) values (112, 12, 101);
insert into inzerce (id_inzerce, id_makler, id_nemovitost) values (113, 13, 101);
insert into inzerce (id_inzerce, id_makler, id_nemovitost) values (114, 14, 101);
insert into inzerce (id_inzerce, id_makler, id_nemovitost) values (115, 15, 101);
insert into inzerce (id_inzerce, id_makler, id_nemovitost) values (116, 16, 101);
insert into inzerce (id_inzerce, id_makler, id_nemovitost) values (117, 17, 101);
insert into inzerce (id_inzerce, id_makler, id_nemovitost) values (118, 18, 101);
insert into inzerce (id_inzerce, id_makler, id_nemovitost) values (119, 19, 101);
insert into inzerce (id_inzerce, id_makler, id_nemovitost) values (120, 20, 101);
insert into inzerce (id_inzerce, id_makler, id_nemovitost) values (121, 21, 101);
select setval(pg_get_serial_sequence('inzerce','id_inzerce'), 121);

-- Zajem
insert into zajem (id_zajem, id_inzerce, id_zajemce) values (1, 34, 49);
insert into zajem (id_zajem, id_inzerce, id_zajemce) values (2, 19, 86);
insert into zajem (id_zajem, id_inzerce, id_zajemce) values (3, 13, 99);
insert into zajem (id_zajem, id_inzerce, id_zajemce) values (4, 57, 94);
insert into zajem (id_zajem, id_inzerce, id_zajemce) values (5, 63, 101);
insert into zajem (id_zajem, id_inzerce, id_zajemce) values (6, 90, 77);
insert into zajem (id_zajem, id_inzerce, id_zajemce) values (7, 50, 74);
insert into zajem (id_zajem, id_inzerce, id_zajemce) values (8, 8, 26);
insert into zajem (id_zajem, id_inzerce, id_zajemce) values (9, 34, 22);
insert into zajem (id_zajem, id_inzerce, id_zajemce) values (10, 75, 49);
insert into zajem (id_zajem, id_inzerce, id_zajemce) values (11, 95, 69);
insert into zajem (id_zajem, id_inzerce, id_zajemce) values (12, 36, 90);
insert into zajem (id_zajem, id_inzerce, id_zajemce) values (13, 40, 5);
insert into zajem (id_zajem, id_inzerce, id_zajemce) values (14, 30, 24);
insert into zajem (id_zajem, id_inzerce, id_zajemce) values (15, 40, 85);
insert into zajem (id_zajem, id_inzerce, id_zajemce) values (16, 14, 29);
insert into zajem (id_zajem, id_inzerce, id_zajemce) values (17, 70, 25);
insert into zajem (id_zajem, id_inzerce, id_zajemce) values (18, 1, 32);
insert into zajem (id_zajem, id_inzerce, id_zajemce) values (19, 93, 36);
insert into zajem (id_zajem, id_inzerce, id_zajemce) values (20, 85, 71);
insert into zajem (id_zajem, id_inzerce, id_zajemce) values (21, 89, 101);
insert into zajem (id_zajem, id_inzerce, id_zajemce) values (22, 87, 88);
insert into zajem (id_zajem, id_inzerce, id_zajemce) values (23, 10, 21);
insert into zajem (id_zajem, id_inzerce, id_zajemce) values (24, 47, 5);
insert into zajem (id_zajem, id_inzerce, id_zajemce) values (25, 42, 3);
insert into zajem (id_zajem, id_inzerce, id_zajemce) values (26, 42, 5);
insert into zajem (id_zajem, id_inzerce, id_zajemce) values (27, 17, 100);
insert into zajem (id_zajem, id_inzerce, id_zajemce) values (28, 58, 41);
insert into zajem (id_zajem, id_inzerce, id_zajemce) values (29, 52, 59);
insert into zajem (id_zajem, id_inzerce, id_zajemce) values (30, 49, 51);
insert into zajem (id_zajem, id_inzerce, id_zajemce) values (31, 76, 9);
insert into zajem (id_zajem, id_inzerce, id_zajemce) values (32, 85, 76);
insert into zajem (id_zajem, id_inzerce, id_zajemce) values (33, 16, 67);
insert into zajem (id_zajem, id_inzerce, id_zajemce) values (34, 16, 8);
insert into zajem (id_zajem, id_inzerce, id_zajemce) values (35, 71, 93);
insert into zajem (id_zajem, id_inzerce, id_zajemce) values (36, 30, 19);
insert into zajem (id_zajem, id_inzerce, id_zajemce) values (37, 53, 33);
insert into zajem (id_zajem, id_inzerce, id_zajemce) values (38, 47, 54);
insert into zajem (id_zajem, id_inzerce, id_zajemce) values (39, 95, 34);
insert into zajem (id_zajem, id_inzerce, id_zajemce) values (40, 4, 99);
insert into zajem (id_zajem, id_inzerce, id_zajemce) values (41, 91, 11);
insert into zajem (id_zajem, id_inzerce, id_zajemce) values (42, 68, 24);
insert into zajem (id_zajem, id_inzerce, id_zajemce) values (43, 82, 53);
insert into zajem (id_zajem, id_inzerce, id_zajemce) values (44, 2, 77);
insert into zajem (id_zajem, id_inzerce, id_zajemce) values (45, 64, 38);
insert into zajem (id_zajem, id_inzerce, id_zajemce) values (46, 29, 37);
insert into zajem (id_zajem, id_inzerce, id_zajemce) values (47, 59, 56);
insert into zajem (id_zajem, id_inzerce, id_zajemce) values (48, 31, 91);
insert into zajem (id_zajem, id_inzerce, id_zajemce) values (49, 19, 61);
insert into zajem (id_zajem, id_inzerce, id_zajemce) values (50, 60, 3);
insert into zajem (id_zajem, id_inzerce, id_zajemce) values (51, 54, 29);
insert into zajem (id_zajem, id_inzerce, id_zajemce) values (52, 8, 55);
insert into zajem (id_zajem, id_inzerce, id_zajemce) values (53, 16, 88);
insert into zajem (id_zajem, id_inzerce, id_zajemce) values (54, 68, 24);
insert into zajem (id_zajem, id_inzerce, id_zajemce) values (55, 49, 61);
insert into zajem (id_zajem, id_inzerce, id_zajemce) values (56, 39, 86);
insert into zajem (id_zajem, id_inzerce, id_zajemce) values (57, 84, 84);
insert into zajem (id_zajem, id_inzerce, id_zajemce) values (58, 78, 14);
insert into zajem (id_zajem, id_inzerce, id_zajemce) values (59, 68, 76);
insert into zajem (id_zajem, id_inzerce, id_zajemce) values (60, 31, 78);
insert into zajem (id_zajem, id_inzerce, id_zajemce) values (61, 11, 5);
insert into zajem (id_zajem, id_inzerce, id_zajemce) values (62, 24, 91);
insert into zajem (id_zajem, id_inzerce, id_zajemce) values (63, 11, 25);
insert into zajem (id_zajem, id_inzerce, id_zajemce) values (64, 69, 48);
insert into zajem (id_zajem, id_inzerce, id_zajemce) values (65, 51, 57);
insert into zajem (id_zajem, id_inzerce, id_zajemce) values (66, 49, 48);
insert into zajem (id_zajem, id_inzerce, id_zajemce) values (67, 7, 89);
insert into zajem (id_zajem, id_inzerce, id_zajemce) values (68, 76, 8);
insert into zajem (id_zajem, id_inzerce, id_zajemce) values (69, 52, 26);
insert into zajem (id_zajem, id_inzerce, id_zajemce) values (70, 85, 93);
insert into zajem (id_zajem, id_inzerce, id_zajemce) values (71, 22, 59);
insert into zajem (id_zajem, id_inzerce, id_zajemce) values (72, 35, 9);
insert into zajem (id_zajem, id_inzerce, id_zajemce) values (73, 43, 50);
insert into zajem (id_zajem, id_inzerce, id_zajemce) values (74, 79, 18);
insert into zajem (id_zajem, id_inzerce, id_zajemce) values (75, 81, 24);
insert into zajem (id_zajem, id_inzerce, id_zajemce) values (76, 68, 5);
insert into zajem (id_zajem, id_inzerce, id_zajemce) values (77, 8, 74);
insert into zajem (id_zajem, id_inzerce, id_zajemce) values (78, 95, 5);
insert into zajem (id_zajem, id_inzerce, id_zajemce) values (79, 98, 37);
insert into zajem (id_zajem, id_inzerce, id_zajemce) values (80, 94, 12);
insert into zajem (id_zajem, id_inzerce, id_zajemce) values (81, 10, 22);
insert into zajem (id_zajem, id_inzerce, id_zajemce) values (82, 62, 95);
insert into zajem (id_zajem, id_inzerce, id_zajemce) values (83, 10, 39);
insert into zajem (id_zajem, id_inzerce, id_zajemce) values (84, 100, 101);
insert into zajem (id_zajem, id_inzerce, id_zajemce) values (85, 8, 3);
insert into zajem (id_zajem, id_inzerce, id_zajemce) values (86, 44, 31);
insert into zajem (id_zajem, id_inzerce, id_zajemce) values (87, 33, 83);
insert into zajem (id_zajem, id_inzerce, id_zajemce) values (88, 81, 81);
insert into zajem (id_zajem, id_inzerce, id_zajemce) values (89, 96, 42);
insert into zajem (id_zajem, id_inzerce, id_zajemce) values (90, 15, 96);
insert into zajem (id_zajem, id_inzerce, id_zajemce) values (91, 79, 6);
insert into zajem (id_zajem, id_inzerce, id_zajemce) values (92, 44, 66);
insert into zajem (id_zajem, id_inzerce, id_zajemce) values (93, 24, 24);
insert into zajem (id_zajem, id_inzerce, id_zajemce) values (94, 99, 101);
insert into zajem (id_zajem, id_inzerce, id_zajemce) values (95, 80, 77);
insert into zajem (id_zajem, id_inzerce, id_zajemce) values (96, 77, 21);
insert into zajem (id_zajem, id_inzerce, id_zajemce) values (97, 35, 27);
insert into zajem (id_zajem, id_inzerce, id_zajemce) values (98, 8, 51);
insert into zajem (id_zajem, id_inzerce, id_zajemce) values (99, 67, 34);
insert into zajem (id_zajem, id_inzerce, id_zajemce) values (100, 34, 61);
insert into zajem (id_zajem, id_inzerce, id_zajemce) values (101, 34, 20);
select setval(pg_get_serial_sequence('zajem','id_zajem'),100);

-- Prodej
insert into prodej (id_zajem, id_pravnik, delka_prodeje, provize, stav) values (1, 1, 213, NULL, 'Sold');
insert into prodej (id_zajem, id_pravnik, delka_prodeje, provize, stav) values (2, 1, 86, NULL, 'Sold');
insert into prodej (id_zajem, id_pravnik, delka_prodeje, provize, stav) values (3, 1, 148, NULL, 'Sold');
insert into prodej (id_zajem, id_pravnik, delka_prodeje, provize, stav) values (4, 1, 225, NULL, 'Sold');
insert into prodej (id_zajem, id_pravnik, delka_prodeje, provize, stav) values (5, 1, 217, NULL, 'Reserved');
insert into prodej (id_zajem, id_pravnik, delka_prodeje, provize, stav) values (6, 1, 178, NULL, 'Sold');
insert into prodej (id_zajem, id_pravnik, delka_prodeje, provize, stav) values (7, 1, 132, NULL, 'Sold');
insert into prodej (id_zajem, id_pravnik, delka_prodeje, provize, stav) values (8, 1, 94, NULL, 'Sold');
insert into prodej (id_zajem, id_pravnik, delka_prodeje, provize, stav) values (9, 1, 231, NULL, 'Sold');
insert into prodej (id_zajem, id_pravnik, delka_prodeje, provize, stav) values (10, 1, 87, NULL, 'Sold');
insert into prodej (id_zajem, id_pravnik, delka_prodeje, provize, stav) values (11, 1, 239, NULL, 'Reserved');
insert into prodej (id_zajem, id_pravnik, delka_prodeje, provize, stav) values (12, 1, 365, NULL, 'Sold');
insert into prodej (id_zajem, id_pravnik, delka_prodeje, provize, stav) values (13, 1, 302, NULL, 'Sold');
insert into prodej (id_zajem, id_pravnik, delka_prodeje, provize, stav) values (14, 1, 9, NULL, 'Reserved');
insert into prodej (id_zajem, id_pravnik, delka_prodeje, provize, stav) values (15, 1, 155, NULL, 'Sold');
insert into prodej (id_zajem, id_pravnik, delka_prodeje, provize, stav) values (16, 1, 298, NULL, 'Sold');
insert into prodej (id_zajem, id_pravnik, delka_prodeje, provize, stav) values (17, 1, 42, NULL, 'Reserved');
insert into prodej (id_zajem, id_pravnik, delka_prodeje, provize, stav) values (18, 1, 112, NULL, 'Sold');
insert into prodej (id_zajem, id_pravnik, delka_prodeje, provize, stav) values (19, 1, 199, NULL, 'Reserved');
insert into prodej (id_zajem, id_pravnik, delka_prodeje, provize, stav) values (20, 1, 208, NULL, 'Sold');
insert into prodej (id_zajem, id_pravnik, delka_prodeje, provize, stav) values (21, 1, 177, NULL, 'Sold');
insert into prodej (id_zajem, id_pravnik, delka_prodeje, provize, stav) values (22, 1, 8, NULL, 'Not sold');
insert into prodej (id_zajem, id_pravnik, delka_prodeje, provize, stav) values (23, 1, 140, NULL, 'Not sold');
insert into prodej (id_zajem, id_pravnik, delka_prodeje, provize, stav) values (24, 1, 44, NULL, 'Sold');
insert into prodej (id_zajem, id_pravnik, delka_prodeje, provize, stav) values (25, 1, 257, NULL, 'Not sold');
insert into prodej (id_zajem, id_pravnik, delka_prodeje, provize, stav) values (26, 1, 122, NULL, 'Not sold');
insert into prodej (id_zajem, id_pravnik, delka_prodeje, provize, stav) values (27, NULL, 106, NULL, 'Sold');
insert into prodej (id_zajem, id_pravnik, delka_prodeje, provize, stav) values (28, 1, 215, NULL, 'Sold');
insert into prodej (id_zajem, id_pravnik, delka_prodeje, provize, stav) values (29, 1, 60, NULL, 'Sold');
insert into prodej (id_zajem, id_pravnik, delka_prodeje, provize, stav) values (30, 1, 12, NULL, 'Reserved');
insert into prodej (id_zajem, id_pravnik, delka_prodeje, provize, stav) values (31, 1, 352, NULL, 'Sold');
insert into prodej (id_zajem, id_pravnik, delka_prodeje, provize, stav) values (32, 1, 266, NULL, 'Reserved');
insert into prodej (id_zajem, id_pravnik, delka_prodeje, provize, stav) values (33, 1, 341, NULL, 'Sold');
insert into prodej (id_zajem, id_pravnik, delka_prodeje, provize, stav) values (34, 1, 315, NULL, 'Sold');
insert into prodej (id_zajem, id_pravnik, delka_prodeje, provize, stav) values (35, 1, 38, NULL, 'Sold');
insert into prodej (id_zajem, id_pravnik, delka_prodeje, provize, stav) values (36, 1, 345, NULL, 'Sold');
insert into prodej (id_zajem, id_pravnik, delka_prodeje, provize, stav) values (37, 1, 306, NULL, 'Sold');
insert into prodej (id_zajem, id_pravnik, delka_prodeje, provize, stav) values (38, 1, 212, NULL, 'Sold');
insert into prodej (id_zajem, id_pravnik, delka_prodeje, provize, stav) values (39, 1, 207, NULL, 'Reserved');
insert into prodej (id_zajem, id_pravnik, delka_prodeje, provize, stav) values (40, 1, 219, NULL, 'Sold');
insert into prodej (id_zajem, id_pravnik, delka_prodeje, provize, stav) values (41, 1, 102, NULL, 'Sold');
insert into prodej (id_zajem, id_pravnik, delka_prodeje, provize, stav) values (42, 1, 58, NULL, 'Sold');
insert into prodej (id_zajem, id_pravnik, delka_prodeje, provize, stav) values (43, 1, 252, NULL, 'Sold');
insert into prodej (id_zajem, id_pravnik, delka_prodeje, provize, stav) values (44, 1, 275, NULL, 'Sold');
insert into prodej (id_zajem, id_pravnik, delka_prodeje, provize, stav) values (45, 1, 21, NULL, 'Sold');
insert into prodej (id_zajem, id_pravnik, delka_prodeje, provize, stav) values (46, 1, 89, NULL, 'Sold');
insert into prodej (id_zajem, id_pravnik, delka_prodeje, provize, stav) values (47, 1, 160, NULL, 'Reserved');
insert into prodej (id_zajem, id_pravnik, delka_prodeje, provize, stav) values (48, 1, 153, NULL, 'Sold');
insert into prodej (id_zajem, id_pravnik, delka_prodeje, provize, stav) values (49, 1, 101, NULL, 'Sold');
insert into prodej (id_zajem, id_pravnik, delka_prodeje, provize, stav) values (50, 1, 102, NULL, 'Not sold');
insert into prodej (id_zajem, id_pravnik, delka_prodeje, provize, stav) values (51, 1, 345, NULL, 'Reserved');
insert into prodej (id_zajem, id_pravnik, delka_prodeje, provize, stav) values (52, 1, 316, NULL, 'Sold');
insert into prodej (id_zajem, id_pravnik, delka_prodeje, provize, stav) values (53, 1, 38, NULL, 'Reserved');
insert into prodej (id_zajem, id_pravnik, delka_prodeje, provize, stav) values (54, 1, 189, NULL, 'Sold');
insert into prodej (id_zajem, id_pravnik, delka_prodeje, provize, stav) values (55, 1, 326, NULL, 'Sold');
insert into prodej (id_zajem, id_pravnik, delka_prodeje, provize, stav) values (56, 1, 329, NULL, 'Sold');
insert into prodej (id_zajem, id_pravnik, delka_prodeje, provize, stav) values (57, 1, 242, NULL, 'Sold');
insert into prodej (id_zajem, id_pravnik, delka_prodeje, provize, stav) values (58, 1, 332, NULL, 'Reserved');
insert into prodej (id_zajem, id_pravnik, delka_prodeje, provize, stav) values (59, 1, 283, NULL, 'Reserved');
insert into prodej (id_zajem, id_pravnik, delka_prodeje, provize, stav) values (60, 1, 231, NULL, 'Reserved');
insert into prodej (id_zajem, id_pravnik, delka_prodeje, provize, stav) values (61, 1, 348, NULL, 'Sold');
insert into prodej (id_zajem, id_pravnik, delka_prodeje, provize, stav) values (62, 1, 149, NULL, 'Sold');
insert into prodej (id_zajem, id_pravnik, delka_prodeje, provize, stav) values (63, 1, 270, NULL, 'Sold');
insert into prodej (id_zajem, id_pravnik, delka_prodeje, provize, stav) values (64, 1, 131, NULL, 'Reserved');
insert into prodej (id_zajem, id_pravnik, delka_prodeje, provize, stav) values (65, 1, 11, NULL, 'Sold');
insert into prodej (id_zajem, id_pravnik, delka_prodeje, provize, stav) values (66, 1, 178, NULL, 'Sold');
insert into prodej (id_zajem, id_pravnik, delka_prodeje, provize, stav) values (67, 1, 365, NULL, 'Sold');
insert into prodej (id_zajem, id_pravnik, delka_prodeje, provize, stav) values (68, 1, 38, NULL, 'Sold');
insert into prodej (id_zajem, id_pravnik, delka_prodeje, provize, stav) values (69, 1, 186, NULL, 'Sold');
insert into prodej (id_zajem, id_pravnik, delka_prodeje, provize, stav) values (70, 1, 6, NULL, 'Sold');
insert into prodej (id_zajem, id_pravnik, delka_prodeje, provize, stav) values (71, NULL, 346, NULL, 'Reserved');
insert into prodej (id_zajem, id_pravnik, delka_prodeje, provize, stav) values (72, 1, 106, NULL, 'Sold');
insert into prodej (id_zajem, id_pravnik, delka_prodeje, provize, stav) values (73, 1, 42, NULL, 'Sold');
insert into prodej (id_zajem, id_pravnik, delka_prodeje, provize, stav) values (74, 1, 226, NULL, 'Reserved');
insert into prodej (id_zajem, id_pravnik, delka_prodeje, provize, stav) values (75, 1, 13, NULL, 'Sold');
insert into prodej (id_zajem, id_pravnik, delka_prodeje, provize, stav) values (76, 1, 96, NULL, 'Sold');
insert into prodej (id_zajem, id_pravnik, delka_prodeje, provize, stav) values (77, 1, 119, NULL, 'Sold');
insert into prodej (id_zajem, id_pravnik, delka_prodeje, provize, stav) values (78, 1, 200, NULL, 'Sold');
insert into prodej (id_zajem, id_pravnik, delka_prodeje, provize, stav) values (79, 1, 191, NULL, 'Sold');
insert into prodej (id_zajem, id_pravnik, delka_prodeje, provize, stav) values (80, 1, 215, NULL, 'Sold');
insert into prodej (id_zajem, id_pravnik, delka_prodeje, provize, stav) values (81, NULL, 78, NULL, 'Not sold');
insert into prodej (id_zajem, id_pravnik, delka_prodeje, provize, stav) values (82, 1, 82, NULL, 'Sold');
insert into prodej (id_zajem, id_pravnik, delka_prodeje, provize, stav) values (83, 1, 67, NULL, 'Not sold');
insert into prodej (id_zajem, id_pravnik, delka_prodeje, provize, stav) values (84, 1, 64, NULL, 'Sold');
insert into prodej (id_zajem, id_pravnik, delka_prodeje, provize, stav) values (85, 1, 163, NULL, 'Sold');
insert into prodej (id_zajem, id_pravnik, delka_prodeje, provize, stav) values (86, 1, 291, NULL, 'Sold');
insert into prodej (id_zajem, id_pravnik, delka_prodeje, provize, stav) values (87, 1, 332, NULL, 'Sold');
insert into prodej (id_zajem, id_pravnik, delka_prodeje, provize, stav) values (88, 1, 128, NULL, 'Sold');
insert into prodej (id_zajem, id_pravnik, delka_prodeje, provize, stav) values (89, 1, 213, NULL, 'Sold');
insert into prodej (id_zajem, id_pravnik, delka_prodeje, provize, stav) values (90, 1, 196, NULL, 'Sold');
insert into prodej (id_zajem, id_pravnik, delka_prodeje, provize, stav) values (91, 1, 93, NULL, 'Sold');
insert into prodej (id_zajem, id_pravnik, delka_prodeje, provize, stav) values (92, NULL, 53, NULL, 'Reserved');
insert into prodej (id_zajem, id_pravnik, delka_prodeje, provize, stav) values (93, 1, 215, NULL, 'Sold');
insert into prodej (id_zajem, id_pravnik, delka_prodeje, provize, stav) values (94, 1, 197, NULL, 'Sold');
insert into prodej (id_zajem, id_pravnik, delka_prodeje, provize, stav) values (95, 1, 208, NULL, 'Reserved');
insert into prodej (id_zajem, id_pravnik, delka_prodeje, provize, stav) values (96, 1, 112, NULL, 'Sold');
insert into prodej (id_zajem, id_pravnik, delka_prodeje, provize, stav) values (97, 1, 305, NULL, 'Sold');
insert into prodej (id_zajem, id_pravnik, delka_prodeje, provize, stav) values (98, 1, 164, NULL, 'Sold');
insert into prodej (id_zajem, id_pravnik, delka_prodeje, provize, stav) values (99, 1, 102, NULL, 'Sold');
insert into prodej (id_zajem, id_pravnik, delka_prodeje, provize, stav) values (100, NULL,  34, NULL, 'Sold');